Gender,Married,Dependents,Education,Self_Employed,ApplicantIncome,CoapplicantIncome,LoanAmount,Loan_Amount_Term,Credit_History,Property_Area,Loan_Status,Total_Income,Log_TotalIncome,Log_LoanAmount,Income_Loan_Ratio,Risk_Category,Risk_Score,Predicted_Loan_Status,Estimated_Interest,Expected_Loss,Estimated_Profit
Male,No,0,Graduate,No,5849,0.0,127,360,1,Urban,Y,5849.0,8.674025985443025,4.844187086458591,46.05511811023622,Medium Risk,70,Y,15.24,0.0,15.24
Male,Yes,1,Graduate,No,4583,1508.0,128,360,1,Rural,N,6091.0,8.714567550836485,4.852030263919617,47.5859375,Medium Risk,60,Y,15.36,0.0,15.36
Male,Yes,0,Graduate,Yes,3000,0.0,66,360,1,Urban,Y,3000.0,8.006367567650246,4.189654742026425,45.45454545454545,Medium Risk,70,Y,7.92,0.0,7.92
Male,Yes,0,Not Graduate,No,2583,2358.0,120,360,1,Urban,Y,4941.0,8.50532301884575,4.787491742782046,41.175,Medium Risk,60,Y,14.399999999999999,0.0,14.399999999999999
Male,No,0,Graduate,No,6000,0.0,141,360,1,Urban,Y,6000.0,8.699514748210191,4.948759890378168,42.5531914893617,Medium Risk,70,Y,16.919999999999998,0.0,16.919999999999998
Male,Yes,2,Graduate,Yes,5417,4196.0,267,360,1,Urban,Y,9613.0,9.170871628065816,5.58724865840025,36.00374531835206,Medium Risk,70,Y,32.04,0.0,32.04
Male,Yes,0,Not Graduate,No,2333,1516.0,95,360,1,Urban,Y,3849.0,8.255568653283746,4.553876891600541,40.51578947368421,Medium Risk,60,Y,11.4,0.0,11.4
Male,Yes,3,Graduate,No,3036,2504.0,158,360,0,Semiurban,N,5540.0,8.61974977974133,5.062595033026967,35.063291139240505,Medium Risk,10,N,18.96,0.0,18.96
Male,Yes,2,Graduate,No,4006,1526.0,168,360,1,Urban,Y,5532.0,8.61830469278465,5.123963979403259,32.92857142857143,Medium Risk,70,Y,20.16,0.0,20.16
Male,Yes,1,Graduate,No,12841,10968.0,349,360,1,Semiurban,N,23809.0,10.077818939438902,5.855071922202427,68.22063037249283,Low Risk,80,Y,41.879999999999995,0.0,41.879999999999995
Male,Yes,2,Graduate,No,3200,700.0,70,360,1,Urban,Y,3900.0,8.268731832117737,4.248495242049359,55.714285714285715,Medium Risk,70,Y,8.4,0.0,8.4
Male,Yes,2,Graduate,Yes,2500,1840.0,109,360,1,Urban,Y,4340.0,8.375629627094451,4.6913478822291435,39.81651376146789,Medium Risk,70,Y,13.08,0.0,13.08
Male,Yes,2,Graduate,No,3073,8106.0,200,360,1,Urban,Y,11179.0,9.321792297270326,5.298317366548036,55.895,Medium Risk,70,Y,24.0,0.0,24.0
Male,No,0,Graduate,No,1853,2840.0,114,360,1,Rural,N,4693.0,8.453827315794417,4.736198448394496,41.166666666666664,Medium Risk,60,Y,13.68,0.0,13.68
Male,Yes,2,Graduate,No,1299,1086.0,17,120,1,Urban,Y,2385.0,7.776954403322442,2.833213344056216,140.2941176470588,Low Risk,90,Y,2.04,0.0,2.04
Male,No,0,Graduate,No,4950,0.0,125,360,1,Urban,Y,4950.0,8.507142855562735,4.8283137373023015,39.6,Medium Risk,70,Y,15.0,0.0,15.0
Male,No,1,Not Graduate,No,3596,0.0,100,240,1,Urban,Y,3596.0,8.18757739559151,4.605170185988092,35.96,Medium Risk,60,Y,12.0,0.0,12.0
Female,No,0,Graduate,No,3510,0.0,76,360,0,Urban,N,3510.0,8.163371316459912,4.330733340286331,46.18421052631579,Medium Risk,20,N,9.12,0.0,9.12
Male,Yes,0,Not Graduate,No,4887,0.0,133,360,1,Rural,N,4887.0,8.494333897270154,4.890349128221754,36.744360902255636,Medium Risk,50,N,15.959999999999999,0.0,15.959999999999999
Male,Yes,0,Graduate,Yes,2600,3500.0,115,360,1,Urban,Y,6100.0,8.716044050161402,4.74493212836325,53.04347826086956,Medium Risk,70,Y,13.799999999999999,0.0,13.799999999999999
Male,Yes,0,Not Graduate,No,7660,0.0,104,360,0,Urban,N,7660.0,8.943767262734637,4.6443908991413725,73.65384615384616,Low Risk,30,N,12.48,0.0,12.48
Male,Yes,1,Graduate,No,5955,5625.0,315,360,1,Urban,Y,11580.0,9.357034751126987,5.752572638825633,36.76190476190476,Medium Risk,70,Y,37.8,0.0,37.8
Male,Yes,0,Not Graduate,No,2600,1911.0,116,360,0,Semiurban,N,4511.0,8.414274137408396,4.7535901911063645,38.88793103448276,Medium Risk,0,N,13.92,0.0,13.92
Male,Yes,1,Graduate,Yes,3717,2925.0,151,360,1,Semiurban,N,6642.0,8.801168401936692,5.017279836814924,43.98675496688742,Medium Risk,60,Y,18.12,0.0,18.12
Male,Yes,0,Graduate,Yes,9560,0.0,191,360,1,Semiurban,Y,9560.0,9.165343006045447,5.25227342804663,50.05235602094241,Medium Risk,60,Y,22.919999999999998,0.0,22.919999999999998
Male,Yes,0,Graduate,No,2799,2253.0,122,360,1,Semiurban,Y,5052.0,8.527539483470381,4.804021044733257,41.40983606557377,Medium Risk,60,Y,14.639999999999999,0.0,14.639999999999999
Male,Yes,2,Not Graduate,No,4226,1040.0,110,360,1,Urban,Y,5266.0,8.569026340056254,4.700480365792417,47.872727272727275,Medium Risk,60,Y,13.2,0.0,13.2
Male,No,0,Not Graduate,No,1442,0.0,35,360,1,Urban,N,1442.0,7.273786317844895,3.5553480614894135,41.2,Medium Risk,60,Y,4.2,0.0,4.2
Female,No,2,Graduate,Yes,3750,2083.0,120,360,1,Semiurban,Y,5833.0,8.671286726753637,4.787491742782046,48.608333333333334,Medium Risk,60,Y,14.399999999999999,0.0,14.399999999999999
Male,Yes,1,Graduate,Yes,4166,3369.0,201,360,1,Urban,N,7535.0,8.927314111060596,5.303304908059076,37.48756218905473,Medium Risk,70,Y,24.119999999999997,0.0,24.119999999999997
Male,No,0,Graduate,No,3167,0.0,74,360,1,Urban,N,3167.0,8.06054004653864,4.30406509320417,42.7972972972973,Medium Risk,70,Y,8.879999999999999,0.0,8.879999999999999
Male,No,1,Graduate,Yes,4692,0.0,106,360,1,Rural,N,4692.0,8.453614209773367,4.663439094112067,44.264150943396224,Medium Risk,60,Y,12.719999999999999,0.0,12.719999999999999
Male,Yes,0,Graduate,No,3500,1667.0,114,360,1,Semiurban,Y,5167.0,8.550047528287184,4.736198448394496,45.324561403508774,Medium Risk,60,Y,13.68,0.0,13.68
Male,No,3,Graduate,No,12500,3000.0,320,360,1,Rural,N,15500.0,9.648595302907339,5.768320995793772,48.4375,Medium Risk,60,Y,38.4,0.0,38.4
Male,Yes,0,Graduate,No,2275,2067.0,127,360,1,Urban,Y,4342.0,8.376090350438238,4.844187086458591,34.188976377952756,Medium Risk,70,Y,15.24,0.0,15.24
Male,Yes,0,Graduate,No,1828,1330.0,100,360,0,Urban,N,3158.0,8.057694194815587,4.605170185988092,31.58,Medium Risk,20,N,12.0,0.0,12.0
Female,Yes,0,Graduate,No,3667,1459.0,144,360,1,Semiurban,Y,5126.0,8.542080906924017,4.969813299576001,35.59722222222222,Medium Risk,60,Y,17.28,0.0,17.28
Male,No,0,Graduate,No,4166,7210.0,184,360,1,Urban,Y,11376.0,9.339261152043022,5.214935757608986,61.82608695652174,Low Risk,90,Y,22.08,0.0,22.08
Male,No,0,Not Graduate,No,3748,1668.0,110,360,1,Semiurban,Y,5416.0,8.59711281459211,4.700480365792417,49.236363636363635,Medium Risk,50,N,13.2,0.0,13.2
Male,No,0,Graduate,No,3600,0.0,80,360,1,Urban,N,3600.0,8.1886891244442,4.382026634673881,45.0,Medium Risk,70,Y,9.6,0.0,9.6
Male,No,0,Graduate,No,1800,1213.0,47,360,1,Urban,Y,3013.0,8.0106915391303,3.8501476017100584,64.1063829787234,Low Risk,90,Y,5.64,0.0,5.64
Male,Yes,0,Graduate,No,2400,0.0,75,360,1,Urban,Y,2400.0,7.783224016336037,4.31748811353631,32.0,Medium Risk,70,Y,9.0,0.0,9.0
Male,Yes,0,Graduate,No,3941,2336.0,134,360,1,Semiurban,Y,6277.0,8.744647438317532,4.897839799950911,46.843283582089555,Medium Risk,60,Y,16.08,0.0,16.08
Male,Yes,0,Not Graduate,Yes,4695,0.0,96,360,1,Urban,Y,4695.0,8.454253391642363,4.564348191467836,48.90625,Medium Risk,60,Y,11.52,0.0,11.52
Female,No,0,Graduate,No,3410,0.0,88,360,1,Urban,Y,3410.0,8.134467570277563,4.477336814478207,38.75,Medium Risk,70,Y,10.559999999999999,0.0,10.559999999999999
Male,Yes,1,Graduate,No,5649,0.0,44,360,1,Urban,Y,5649.0,8.639233817325263,3.784189633918261,128.38636363636363,Low Risk,90,Y,5.279999999999999,0.0,5.279999999999999
Male,Yes,0,Graduate,No,5821,0.0,144,360,1,Urban,Y,5821.0,8.669227347271736,4.969813299576001,40.423611111111114,Medium Risk,70,Y,17.28,0.0,17.28
Female,Yes,0,Graduate,No,2645,3440.0,120,360,0,Urban,N,6085.0,8.713582005421628,4.787491742782046,50.708333333333336,Medium Risk,20,N,14.399999999999999,0.0,14.399999999999999
Female,No,0,Graduate,No,4000,2275.0,144,360,1,Semiurban,Y,6275.0,8.744328763999984,4.969813299576001,43.576388888888886,Medium Risk,60,Y,17.28,0.0,17.28
Female,Yes,0,Not Graduate,No,1928,1644.0,100,360,1,Semiurban,Y,3572.0,8.18088094199639,4.605170185988092,35.72,Medium Risk,50,N,12.0,0.0,12.0
Female,No,0,Graduate,No,3086,0.0,120,360,1,Semiurban,Y,3086.0,8.034631032923107,4.787491742782046,25.716666666666665,High Risk,60,Y,14.399999999999999,60.0,-45.6
Female,No,0,Graduate,No,4230,0.0,112,360,1,Semiurban,N,4230.0,8.349957272040324,4.718498871295094,37.767857142857146,Medium Risk,60,Y,13.44,0.0,13.44
Male,Yes,2,Graduate,No,4616,0.0,134,360,1,Urban,N,4616.0,8.437283808187935,4.897839799950911,34.44776119402985,Medium Risk,70,Y,16.08,0.0,16.08
Female,Yes,1,Graduate,Yes,11500,0.0,286,360,0,Urban,N,11500.0,9.350102314351341,5.655991810819852,40.20979020979021,Medium Risk,20,N,34.32,0.0,34.32
Male,Yes,2,Graduate,No,2708,1167.0,97,360,1,Semiurban,Y,3875.0,8.262300941787448,4.574710978503383,39.94845360824742,Medium Risk,60,Y,11.639999999999999,0.0,11.639999999999999
Male,Yes,0,Graduate,No,2132,1591.0,96,360,1,Semiurban,Y,3723.0,8.222285073872717,4.564348191467836,38.78125,Medium Risk,60,Y,11.52,0.0,11.52
Male,Yes,0,Graduate,No,3366,2200.0,135,360,1,Rural,N,5566.0,8.624431942085836,4.90527477843843,41.22962962962963,Medium Risk,60,Y,16.2,0.0,16.2
Male,Yes,1,Graduate,No,8080,2250.0,180,360,1,Urban,Y,10330.0,9.242807562113684,5.19295685089021,57.388888888888886,Medium Risk,70,Y,21.599999999999998,0.0,21.599999999999998
Male,Yes,2,Not Graduate,No,3357,2859.0,144,360,1,Urban,Y,6216.0,8.734881892047483,4.969813299576001,43.166666666666664,Medium Risk,60,Y,17.28,0.0,17.28
Male,Yes,0,Graduate,No,2500,3796.0,120,360,1,Urban,Y,6296.0,8.74766979009724,4.787491742782046,52.46666666666667,Medium Risk,70,Y,14.399999999999999,0.0,14.399999999999999
Male,Yes,3,Graduate,No,3029,0.0,99,360,1,Urban,Y,3029.0,8.015987811027237,4.59511985013459,30.595959595959595,Medium Risk,70,Y,11.879999999999999,0.0,11.879999999999999
Male,Yes,0,Not Graduate,Yes,2609,3449.0,165,180,0,Rural,N,6058.0,8.709134991587183,5.10594547390058,36.71515151515152,Medium Risk,0,N,19.8,0.0,19.8
Male,Yes,1,Graduate,No,4945,0.0,127,360,0,Rural,N,4945.0,8.506132244056813,4.844187086458591,38.93700787401575,Medium Risk,10,N,15.24,0.0,15.24
Female,No,0,Graduate,No,4166,0.0,116,360,0,Semiurban,N,4166.0,8.334711621820917,4.7535901911063645,35.91379310344828,Medium Risk,10,N,13.92,0.0,13.92
Male,Yes,0,Graduate,No,5726,4595.0,258,360,1,Semiurban,N,10321.0,9.241935933565934,5.552959584921617,40.00387596899225,Medium Risk,60,Y,30.959999999999997,0.0,30.959999999999997
Male,No,0,Not Graduate,No,3200,2254.0,126,180,0,Urban,N,5454.0,8.604104563405533,4.836281906951478,43.285714285714285,Medium Risk,10,N,15.12,0.0,15.12
Male,Yes,1,Graduate,No,10750,0.0,312,360,1,Urban,Y,10750.0,9.28266103355581,5.7430031878094825,34.455128205128204,Medium Risk,70,Y,37.44,0.0,37.44
Male,Yes,3,Not Graduate,Yes,7100,0.0,125,60,1,Urban,Y,7100.0,8.867850063029406,4.8283137373023015,56.8,Medium Risk,60,Y,15.0,0.0,15.0
Female,No,0,Graduate,No,4300,0.0,136,360,0,Semiurban,N,4300.0,8.366370301681654,4.912654885736052,31.61764705882353,Medium Risk,10,N,16.32,0.0,16.32
Male,Yes,0,Graduate,No,3208,3066.0,172,360,1,Urban,Y,6274.0,8.744169388750624,5.147494476813453,36.47674418604651,Medium Risk,70,Y,20.64,0.0,20.64
Male,Yes,2,Not Graduate,Yes,1875,1875.0,97,360,1,Semiurban,Y,3750.0,8.229511118964457,4.574710978503383,38.65979381443299,Medium Risk,50,N,11.639999999999999,0.0,11.639999999999999
Male,No,0,Graduate,No,3500,0.0,81,300,1,Semiurban,Y,3500.0,8.160518247477505,4.394449154672439,43.20987654320987,Medium Risk,60,Y,9.719999999999999,0.0,9.719999999999999
Male,Yes,3,Not Graduate,No,4755,0.0,95,360,0,Semiurban,N,4755.0,8.46695197497949,4.553876891600541,50.05263157894737,Medium Risk,0,N,11.4,0.0,11.4
Male,Yes,3,Graduate,Yes,5266,1774.0,187,360,1,Semiurban,Y,7040.0,8.859363449152088,5.231108616854587,37.64705882352941,Medium Risk,60,Y,22.439999999999998,0.0,22.439999999999998
Male,No,0,Graduate,No,3750,0.0,113,480,1,Urban,N,3750.0,8.229511118964457,4.727387818712341,33.1858407079646,Medium Risk,70,Y,13.559999999999999,0.0,13.559999999999999
Male,No,0,Graduate,No,3750,4750.0,176,360,1,Urban,N,8500.0,9.047821442478408,5.170483995038151,48.29545454545455,Medium Risk,70,Y,21.119999999999997,0.0,21.119999999999997
Male,Yes,1,Graduate,Yes,1000,3022.0,110,360,1,Urban,N,4022.0,8.299534570332597,4.700480365792417,36.56363636363636,Medium Risk,70,Y,13.2,0.0,13.2
Male,Yes,3,Graduate,No,3167,4000.0,180,300,0,Semiurban,N,7167.0,8.877242435993919,5.19295685089021,39.81666666666667,Medium Risk,10,N,21.599999999999998,0.0,21.599999999999998
Male,Yes,3,Not Graduate,Yes,3333,2166.0,130,360,1,Semiurban,Y,5499.0,8.612321536507814,4.867534450455582,42.3,Medium Risk,50,N,15.6,0.0,15.6
Female,No,0,Graduate,No,3846,0.0,111,360,1,Semiurban,Y,3846.0,8.254788926148725,4.709530201312334,34.648648648648646,Medium Risk,60,Y,13.32,0.0,13.32
Male,Yes,1,Graduate,Yes,2395,0.0,127,360,1,Semiurban,Y,2395.0,7.781138509845015,4.844187086458591,18.858267716535433,High Risk,60,Y,15.24,63.5,-48.26
Female,Yes,2,Graduate,No,1378,1881.0,167,360,1,Urban,N,3259.0,8.089175678837561,5.117993812416755,19.51497005988024,High Risk,70,Y,20.04,83.5,-63.46
Male,Yes,0,Graduate,No,6000,2250.0,265,360,1,Semiurban,N,8250.0,9.017968479328726,5.579729825986222,31.132075471698112,Medium Risk,60,Y,31.799999999999997,0.0,31.799999999999997
Male,Yes,1,Graduate,No,3988,0.0,50,240,1,Urban,Y,3988.0,8.291045131081729,3.912023005428146,79.76,Low Risk,90,Y,6.0,0.0,6.0
Male,No,0,Graduate,No,2366,2531.0,136,360,1,Semiurban,Y,4897.0,8.496378051702317,4.912654885736052,36.00735294117647,Medium Risk,60,Y,16.32,0.0,16.32
Male,Yes,2,Not Graduate,No,3333,2000.0,99,360,1,Semiurban,Y,5333.0,8.581669210600602,4.59511985013459,53.86868686868687,Medium Risk,50,N,11.879999999999999,0.0,11.879999999999999
Male,Yes,0,Graduate,No,2500,2118.0,104,360,1,Semiurban,Y,4618.0,8.43771698991444,4.6443908991413725,44.40384615384615,Medium Risk,60,Y,12.48,0.0,12.48
Male,No,0,Graduate,No,8566,0.0,210,360,1,Urban,Y,8566.0,9.055556158175316,5.3471075307174685,40.79047619047619,Medium Risk,70,Y,25.2,0.0,25.2
Male,Yes,0,Graduate,No,5695,4167.0,175,360,1,Semiurban,Y,9862.0,9.196444266784072,5.1647859739235145,56.354285714285716,Medium Risk,60,Y,21.0,0.0,21.0
Male,Yes,0,Graduate,No,2958,2900.0,131,360,1,Semiurban,Y,5858.0,8.675563527387679,4.875197323201151,44.717557251908396,Medium Risk,60,Y,15.719999999999999,0.0,15.719999999999999
Male,Yes,2,Graduate,No,6250,5654.0,188,180,1,Semiurban,Y,11904.0,9.384629757072872,5.236441962829949,63.319148936170215,Low Risk,80,Y,22.56,0.0,22.56
Male,Yes,2,Not Graduate,No,3273,1820.0,81,360,1,Urban,Y,5093.0,8.535622326884605,4.394449154672439,62.876543209876544,Low Risk,80,Y,9.719999999999999,0.0,9.719999999999999
Male,No,0,Graduate,No,4133,0.0,122,360,1,Semiurban,Y,4133.0,8.326758814511733,4.804021044733257,33.877049180327866,Medium Risk,60,Y,14.639999999999999,0.0,14.639999999999999
Male,No,0,Not Graduate,No,3620,0.0,25,120,1,Semiurban,Y,3620.0,8.194229304819817,3.2188758248682006,144.8,Low Risk,70,Y,3.0,0.0,3.0
Male,No,0,Graduate,Yes,6782,0.0,127,360,1,Urban,N,6782.0,8.822027322685583,4.844187086458591,53.40157480314961,Medium Risk,70,Y,15.24,0.0,15.24
Female,Yes,0,Graduate,No,2484,2302.0,137,360,1,Semiurban,Y,4786.0,8.47345026846832,4.919980925828125,34.934306569343065,Medium Risk,60,Y,16.439999999999998,0.0,16.439999999999998
Male,Yes,0,Graduate,No,1977,997.0,50,360,1,Semiurban,Y,2974.0,7.9976631270201,3.912023005428146,59.48,Medium Risk,60,Y,6.0,0.0,6.0
Male,Yes,0,Not Graduate,No,4188,0.0,115,180,1,Semiurban,Y,4188.0,8.339978571990427,4.74493212836325,36.417391304347824,Medium Risk,50,N,13.799999999999999,0.0,13.799999999999999
Male,Yes,0,Graduate,No,1759,3541.0,131,360,1,Semiurban,Y,5300.0,8.575462099540212,4.875197323201151,40.458015267175576,Medium Risk,60,Y,15.719999999999999,0.0,15.719999999999999
Male,Yes,2,Not Graduate,No,4288,3263.0,133,180,1,Urban,Y,7551.0,8.929435283803425,4.890349128221754,56.774436090225564,Medium Risk,60,Y,15.959999999999999,0.0,15.959999999999999
Male,No,0,Graduate,No,4843,3806.0,151,360,1,Semiurban,Y,8649.0,9.065198986306513,5.017279836814924,57.27814569536424,Medium Risk,60,Y,18.12,0.0,18.12
Male,Yes,0,Graduate,No,13650,0.0,127,360,1,Urban,Y,13650.0,9.521494800613105,4.844187086458591,107.48031496062993,Low Risk,90,Y,15.24,0.0,15.24
Male,Yes,0,Graduate,No,4652,3583.0,127,360,1,Semiurban,Y,8235.0,9.016148642611741,4.844187086458591,64.84251968503936,Low Risk,80,Y,15.24,0.0,15.24
Male,Yes,1,Graduate,No,3052,1030.0,100,360,1,Urban,Y,4082.0,8.31434234336979,4.605170185988092,40.82,Medium Risk,70,Y,12.0,0.0,12.0
Male,Yes,2,Graduate,No,11417,1126.0,225,360,1,Urban,Y,12543.0,9.436918020024674,5.41610040220442,55.74666666666667,Medium Risk,70,Y,27.0,0.0,27.0
Male,No,0,Not Graduate,Yes,7333,0.0,120,360,1,Rural,N,7333.0,8.9001399880938,4.787491742782046,61.108333333333334,Low Risk,70,Y,14.399999999999999,0.0,14.399999999999999
Male,Yes,2,Graduate,No,3800,3600.0,216,360,0,Urban,N,7400.0,8.909235279192261,5.375278407684165,34.25925925925926,Medium Risk,20,N,25.919999999999998,0.0,25.919999999999998
Male,Yes,3,Not Graduate,No,2071,754.0,94,480,1,Semiurban,Y,2825.0,7.946263643580541,4.543294782270004,30.0531914893617,Medium Risk,50,N,11.28,0.0,11.28
Male,No,0,Graduate,No,5316,0.0,136,360,1,Urban,Y,5316.0,8.578476419833136,4.912654885736052,39.088235294117645,Medium Risk,70,Y,16.32,0.0,16.32
Female,Yes,0,Graduate,Yes,2929,2333.0,139,360,1,Semiurban,Y,5262.0,8.568266461600238,4.9344739331306915,37.856115107913666,Medium Risk,60,Y,16.68,0.0,16.68
Male,Yes,0,Not Graduate,No,3572,4114.0,152,360,0,Rural,N,7686.0,8.94715577112479,5.0238805208462765,50.56578947368421,Medium Risk,0,N,18.24,0.0,18.24
Female,No,1,Graduate,Yes,7451,0.0,127,360,1,Semiurban,Y,7451.0,8.916103530553727,4.844187086458591,58.669291338582674,Medium Risk,60,Y,15.24,0.0,15.24
Male,No,0,Graduate,Yes,5050,0.0,118,360,1,Semiurban,Y,5050.0,8.527143522269405,4.770684624465665,42.79661016949152,Medium Risk,60,Y,14.16,0.0,14.16
Male,Yes,1,Graduate,No,14583,0.0,185,180,1,Rural,Y,14583.0,9.587611745713565,5.220355825078324,78.82702702702703,Low Risk,80,Y,22.2,0.0,22.2
Female,Yes,0,Graduate,No,3167,2283.0,154,360,1,Semiurban,Y,5450.0,8.60337088765729,5.0369526024136295,35.38961038961039,Medium Risk,60,Y,18.48,0.0,18.48
Male,Yes,1,Graduate,No,2214,1398.0,85,360,1,Urban,Y,3612.0,8.192016914536875,4.442651256490317,42.49411764705882,Medium Risk,70,Y,10.2,0.0,10.2
Male,Yes,0,Graduate,No,5568,2142.0,175,360,1,Rural,N,7710.0,8.950273466557375,5.1647859739235145,44.05714285714286,Medium Risk,60,Y,21.0,0.0,21.0
Female,No,0,Graduate,No,10408,0.0,259,360,1,Urban,Y,10408.0,9.250330020192342,5.556828061699537,40.18532818532819,Medium Risk,70,Y,31.08,0.0,31.08
Male,Yes,0,Graduate,No,5667,2667.0,180,360,1,Rural,Y,8334.0,9.0280988119824,5.19295685089021,46.3,Medium Risk,60,Y,21.599999999999998,0.0,21.599999999999998
Female,No,0,Graduate,No,4166,0.0,44,360,1,Semiurban,Y,4166.0,8.334711621820917,3.784189633918261,94.68181818181819,Low Risk,80,Y,5.279999999999999,0.0,5.279999999999999
Female,No,0,Graduate,No,2137,8980.0,137,360,0,Semiurban,Y,11117.0,9.316230747233615,4.919980925828125,81.14598540145985,Low Risk,30,N,16.439999999999998,0.0,16.439999999999998
Male,Yes,2,Graduate,No,2957,0.0,81,360,1,Semiurban,Y,2957.0,7.9919305198524775,4.394449154672439,36.50617283950617,Medium Risk,60,Y,9.719999999999999,0.0,9.719999999999999
Male,Yes,0,Not Graduate,No,4300,2014.0,194,360,1,Rural,Y,6314.0,8.750524669117937,5.267858159063328,32.54639175257732,Medium Risk,50,N,23.279999999999998,0.0,23.279999999999998
Female,No,0,Graduate,No,3692,0.0,93,360,1,Rural,Y,3692.0,8.213923595622743,4.532599493153256,39.69892473118279,Medium Risk,60,Y,11.16,0.0,11.16
Male,No,0,Graduate,No,3865,1640.0,127,360,1,Rural,Y,5505.0,8.61341204915678,4.844187086458591,43.346456692913385,Medium Risk,60,Y,15.24,0.0,15.24
Male,Yes,1,Graduate,Yes,10513,3850.0,160,180,0,Urban,N,14363.0,9.572410734431823,5.075173815233827,89.76875,Low Risk,40,N,19.2,0.0,19.2
Male,Yes,0,Graduate,No,6080,2569.0,182,360,1,Rural,N,8649.0,9.065198986306513,5.204006687076795,47.52197802197802,Medium Risk,60,Y,21.84,0.0,21.84
Male,No,0,Graduate,Yes,20166,0.0,650,480,1,Urban,Y,20166.0,9.91175329695316,6.476972362889683,31.024615384615384,Medium Risk,70,Y,78.0,0.0,78.0
Male,No,0,Graduate,No,2014,1929.0,74,360,1,Urban,Y,3943.0,8.279697133877628,4.30406509320417,53.28378378378378,Medium Risk,70,Y,8.879999999999999,0.0,8.879999999999999
Male,No,0,Graduate,No,2718,0.0,70,360,1,Semiurban,Y,2718.0,7.907651594711089,4.248495242049359,38.82857142857143,Medium Risk,60,Y,8.4,0.0,8.4
Male,Yes,0,Graduate,Yes,3459,0.0,25,120,1,Semiurban,Y,3459.0,8.148734808937169,3.2188758248682006,138.36,Low Risk,80,Y,3.0,0.0,3.0
Male,No,0,Graduate,No,4895,0.0,102,360,1,Semiurban,Y,4895.0,8.49596955496461,4.624972813284271,47.990196078431374,Medium Risk,60,Y,12.24,0.0,12.24
Male,Yes,3,Graduate,No,4000,7750.0,290,360,1,Semiurban,N,11750.0,9.371608519572305,5.66988092298052,40.51724137931034,Medium Risk,60,Y,34.8,0.0,34.8
Female,Yes,0,Graduate,No,4583,0.0,84,360,1,Rural,N,4583.0,8.430109084509125,4.430816798843313,54.55952380952381,Medium Risk,60,Y,10.08,0.0,10.08
Male,Yes,2,Graduate,Yes,3316,3500.0,88,360,1,Urban,Y,6816.0,8.827028068509152,4.477336814478207,77.45454545454545,Low Risk,90,Y,10.559999999999999,0.0,10.559999999999999
Male,No,0,Graduate,No,14999,0.0,242,360,0,Semiurban,N,14999.0,9.61573881119536,5.488937726156687,61.97933884297521,Low Risk,30,N,29.04,0.0,29.04
Male,Yes,2,Not Graduate,No,4200,1430.0,129,360,1,Rural,N,5630.0,8.635864721133736,4.859812404361672,43.64341085271318,Medium Risk,50,N,15.479999999999999,0.0,15.479999999999999
Male,Yes,2,Graduate,No,5042,2083.0,185,360,1,Rural,N,7125.0,8.871365005136852,5.220355825078324,38.513513513513516,Medium Risk,60,Y,22.2,0.0,22.2
Male,No,0,Graduate,No,5417,0.0,168,360,1,Urban,Y,5417.0,8.597297435657898,5.123963979403259,32.24404761904762,Medium Risk,70,Y,20.16,0.0,20.16
Male,No,0,Graduate,Yes,6950,0.0,175,180,1,Semiurban,Y,6950.0,8.846496938558838,5.1647859739235145,39.714285714285715,Medium Risk,60,Y,21.0,0.0,21.0
Male,Yes,0,Graduate,No,2698,2034.0,122,360,1,Semiurban,Y,4732.0,8.462103225098277,4.804021044733257,38.78688524590164,Medium Risk,60,Y,14.639999999999999,0.0,14.639999999999999
Male,Yes,2,Graduate,No,11757,0.0,187,180,1,Urban,Y,11757.0,9.372204086867741,5.231108616854587,62.8716577540107,Low Risk,90,Y,22.439999999999998,0.0,22.439999999999998
Female,Yes,0,Graduate,No,2330,4486.0,100,360,1,Semiurban,Y,6816.0,8.827028068509152,4.605170185988092,68.16,Low Risk,80,Y,12.0,0.0,12.0
Female,Yes,2,Graduate,No,14866,0.0,70,360,1,Urban,Y,14866.0,9.60683200528524,4.248495242049359,212.37142857142857,Low Risk,90,Y,8.4,0.0,8.4
Male,Yes,1,Graduate,No,1538,1425.0,30,360,1,Urban,Y,2963.0,7.993957547573565,3.4011973816621555,98.76666666666667,Low Risk,90,Y,3.5999999999999996,0.0,3.5999999999999996
Female,No,0,Graduate,No,10000,1666.0,225,360,1,Rural,N,11666.0,9.364433907313582,5.41610040220442,51.84888888888889,Medium Risk,60,Y,27.0,0.0,27.0
Male,Yes,0,Graduate,No,4860,830.0,125,360,1,Semiurban,Y,5690.0,8.646465527120377,4.8283137373023015,45.52,Medium Risk,60,Y,15.0,0.0,15.0
Male,No,0,Graduate,No,6277,0.0,118,360,0,Rural,N,6277.0,8.744647438317532,4.770684624465665,53.19491525423729,Medium Risk,10,N,14.16,0.0,14.16
Male,Yes,0,Graduate,Yes,2577,3750.0,152,360,1,Rural,Y,6327.0,8.752581469146884,5.0238805208462765,41.625,Medium Risk,60,Y,18.24,0.0,18.24
Male,No,0,Graduate,No,9166,0.0,244,360,1,Urban,N,9166.0,9.123256265069069,5.497168225293202,37.5655737704918,Medium Risk,70,Y,29.279999999999998,0.0,29.279999999999998
Male,Yes,2,Not Graduate,No,2281,0.0,113,360,1,Rural,N,2281.0,7.732369222284388,4.727387818712341,20.1858407079646,High Risk,50,N,13.559999999999999,56.5,-42.94
Male,No,0,Graduate,No,3254,0.0,50,360,1,Urban,Y,3254.0,8.087640287778983,3.912023005428146,65.08,Low Risk,90,Y,6.0,0.0,6.0
Male,Yes,3,Graduate,No,39999,0.0,600,180,0,Semiurban,Y,39999.0,10.596609732783568,6.396929655216146,66.665,Low Risk,30,N,72.0,0.0,72.0
Male,Yes,1,Graduate,No,6000,0.0,160,360,1,Rural,Y,6000.0,8.699514748210191,5.075173815233827,37.5,Medium Risk,60,Y,19.2,0.0,19.2
Male,Yes,1,Graduate,No,9538,0.0,187,360,1,Urban,Y,9538.0,9.16303909885817,5.231108616854587,51.00534759358289,Medium Risk,70,Y,22.439999999999998,0.0,22.439999999999998
Male,No,0,Graduate,Yes,2980,2083.0,120,360,1,Rural,Y,5063.0,8.529714471969909,4.787491742782046,42.19166666666667,Medium Risk,60,Y,14.399999999999999,0.0,14.399999999999999
Male,Yes,0,Graduate,No,4583,5625.0,255,360,1,Semiurban,Y,10208.0,9.23092700558457,5.541263545158426,40.03137254901961,Medium Risk,60,Y,30.599999999999998,0.0,30.599999999999998
Male,Yes,0,Not Graduate,No,1863,1041.0,98,360,1,Semiurban,Y,2904.0,7.973844375944687,4.584967478670572,29.632653061224488,High Risk,50,N,11.76,49.0,-37.24
Male,Yes,0,Graduate,No,7933,0.0,275,360,1,Urban,N,7933.0,8.978786553302003,5.616771097666572,28.847272727272728,High Risk,70,Y,33.0,137.5,-104.5
Male,Yes,1,Graduate,No,3089,1280.0,121,360,0,Semiurban,N,4369.0,8.382289428951436,4.795790545596741,36.107438016528924,Medium Risk,10,N,14.52,0.0,14.52
Male,Yes,2,Graduate,No,4167,1447.0,158,360,1,Rural,Y,5614.0,8.633018756921828,5.062595033026967,35.53164556962025,Medium Risk,60,Y,18.96,0.0,18.96
Male,Yes,0,Graduate,No,9323,0.0,75,180,1,Urban,Y,9323.0,9.140239744296693,4.31748811353631,124.30666666666667,Low Risk,90,Y,9.0,0.0,9.0
Male,Yes,0,Graduate,No,3707,3166.0,182,360,1,Rural,Y,6873.0,8.835355971121606,5.204006687076795,37.76373626373626,Medium Risk,60,Y,21.84,0.0,21.84
Female,Yes,0,Graduate,No,4583,0.0,112,360,1,Rural,N,4583.0,8.430109084509125,4.718498871295094,40.919642857142854,Medium Risk,60,Y,13.44,0.0,13.44
Male,Yes,0,Graduate,No,2439,3333.0,129,360,1,Rural,Y,5772.0,8.660773919893762,4.859812404361672,44.74418604651163,Medium Risk,60,Y,15.479999999999999,0.0,15.479999999999999
Male,No,0,Graduate,No,2237,0.0,63,480,0,Semiurban,N,2237.0,7.71289096149013,4.143134726391533,35.507936507936506,Medium Risk,10,N,7.56,0.0,7.56
Male,Yes,2,Graduate,No,8000,0.0,200,360,1,Semiurban,Y,8000.0,8.987196820661973,5.298317366548036,40.0,Medium Risk,60,Y,24.0,0.0,24.0
Male,Yes,0,Not Graduate,Yes,1820,1769.0,95,360,1,Rural,Y,3589.0,8.185628891147607,4.553876891600541,37.77894736842105,Medium Risk,50,N,11.4,0.0,11.4
Male,Yes,3,Not Graduate,No,3522,0.0,81,180,1,Rural,N,3522.0,8.166784289056151,4.394449154672439,43.48148148148148,Medium Risk,50,N,9.719999999999999,0.0,9.719999999999999
Male,Yes,0,Graduate,No,5708,5625.0,187,360,1,Semiurban,Y,11333.0,9.335474102732949,5.231108616854587,60.60427807486631,Low Risk,80,Y,22.439999999999998,0.0,22.439999999999998
Male,Yes,0,Not Graduate,Yes,4344,736.0,87,360,1,Semiurban,N,5080.0,8.533066540572527,4.465908118654584,58.39080459770115,Medium Risk,50,N,10.44,0.0,10.44
Male,Yes,0,Graduate,No,3497,1964.0,116,360,1,Rural,Y,5461.0,8.605387202152153,4.7535901911063645,47.077586206896555,Medium Risk,60,Y,13.92,0.0,13.92
Male,Yes,2,Graduate,No,2045,1619.0,101,360,1,Rural,Y,3664.0,8.20631072579402,4.61512051684126,36.277227722772274,Medium Risk,60,Y,12.12,0.0,12.12
Male,Yes,3,Graduate,No,5516,11300.0,495,360,0,Semiurban,N,16816.0,9.730086093116732,6.20455776256869,33.971717171717174,Medium Risk,10,N,59.4,0.0,59.4
Male,Yes,1,Graduate,No,3750,0.0,116,360,1,Semiurban,Y,3750.0,8.229511118964457,4.7535901911063645,32.327586206896555,Medium Risk,60,Y,13.92,0.0,13.92
Male,No,0,Not Graduate,No,2333,1451.0,102,480,0,Urban,N,3784.0,8.238536930171769,4.624972813284271,37.09803921568628,Medium Risk,10,N,12.24,0.0,12.24
Male,Yes,1,Graduate,No,6400,7250.0,180,360,0,Urban,N,13650.0,9.521494800613105,5.19295685089021,75.83333333333333,Low Risk,40,N,21.599999999999998,0.0,21.599999999999998
Male,No,0,Graduate,No,1916,5063.0,67,360,1,Rural,N,6979.0,8.850660919017152,4.204692619390966,104.16417910447761,Low Risk,80,Y,8.04,0.0,8.04
Male,Yes,0,Graduate,No,4600,0.0,73,180,1,Semiurban,Y,4600.0,8.433811582477187,4.290459441148391,63.013698630136986,Low Risk,80,Y,8.76,0.0,8.76
Male,Yes,1,Graduate,No,33846,0.0,260,360,1,Semiurban,N,33846.0,10.429576102968031,5.560681631015528,130.1769230769231,Low Risk,80,Y,31.2,0.0,31.2
Female,Yes,0,Graduate,No,3625,0.0,108,360,1,Semiurban,Y,3625.0,8.195609567288775,4.68213122712422,33.56481481481482,Medium Risk,60,Y,12.959999999999999,0.0,12.959999999999999
Male,Yes,0,Graduate,Yes,39147,4750.0,120,360,1,Semiurban,Y,43897.0,10.689601259598334,4.787491742782046,365.80833333333334,Low Risk,80,Y,14.399999999999999,0.0,14.399999999999999
Male,Yes,1,Graduate,Yes,2178,0.0,66,300,0,Rural,N,2178.0,7.686162303492906,4.189654742026425,33.0,Medium Risk,10,N,7.92,0.0,7.92
Male,Yes,0,Graduate,No,2383,2138.0,58,360,1,Rural,Y,4521.0,8.416488487294606,4.060443010546419,77.94827586206897,Low Risk,80,Y,6.96,0.0,6.96
Male,Yes,0,Graduate,No,9328,0.0,188,180,1,Rural,Y,9328.0,9.140775908590273,5.236441962829949,49.61702127659574,Medium Risk,60,Y,22.56,0.0,22.56
Male,No,0,Not Graduate,No,4885,0.0,48,360,1,Rural,Y,4885.0,8.493924564476883,3.871201010907891,101.77083333333333,Low Risk,70,Y,5.76,0.0,5.76
Male,No,0,Graduate,No,12000,0.0,164,360,1,Semiurban,N,12000.0,9.392661928770137,5.099866427824199,73.17073170731707,Low Risk,80,Y,19.68,0.0,19.68
Male,Yes,0,Not Graduate,No,6033,0.0,160,360,1,Urban,N,6033.0,8.704999678440762,5.075173815233827,37.70625,Medium Risk,60,Y,19.2,0.0,19.2
Male,No,0,Graduate,No,3858,0.0,76,360,1,Semiurban,Y,3858.0,8.257904193465674,4.330733340286331,50.76315789473684,Medium Risk,60,Y,9.12,0.0,9.12
Male,No,0,Graduate,No,4191,0.0,120,360,1,Rural,Y,4191.0,8.340694647925071,4.787491742782046,34.925,Medium Risk,60,Y,14.399999999999999,0.0,14.399999999999999
Male,Yes,1,Graduate,No,3125,2583.0,170,360,1,Semiurban,N,5708.0,8.649623978596727,5.135798437050262,33.576470588235296,Medium Risk,60,Y,20.4,0.0,20.4
Male,No,0,Graduate,No,8333,3750.0,187,360,1,Rural,Y,12083.0,9.399554785027307,5.231108616854587,64.61497326203208,Low Risk,80,Y,22.439999999999998,0.0,22.439999999999998
Female,No,0,Not Graduate,No,1907,2365.0,120,360,1,Urban,Y,4272.0,8.35983738064003,4.787491742782046,35.6,Medium Risk,60,Y,14.399999999999999,0.0,14.399999999999999
Female,Yes,0,Graduate,No,3416,2816.0,113,360,1,Semiurban,Y,6232.0,8.737452587550584,4.727387818712341,55.150442477876105,Medium Risk,60,Y,13.559999999999999,0.0,13.559999999999999
Male,No,0,Graduate,Yes,11000,0.0,83,360,1,Urban,N,11000.0,9.305650551780507,4.418840607796598,132.53012048192772,Low Risk,90,Y,9.959999999999999,0.0,9.959999999999999
Male,Yes,1,Not Graduate,No,2600,2500.0,90,360,1,Semiurban,Y,5100.0,8.536995818712418,4.499809670330265,56.666666666666664,Medium Risk,50,N,10.799999999999999,0.0,10.799999999999999
Male,No,2,Graduate,No,4923,0.0,166,360,0,Semiurban,Y,4923.0,8.5016733797582,5.111987788356544,29.656626506024097,High Risk,10,N,19.919999999999998,83.0,-63.08
Male,Yes,3,Not Graduate,No,3992,0.0,127,180,1,Urban,N,3992.0,8.292047637431354,4.844187086458591,31.433070866141733,Medium Risk,60,Y,15.24,0.0,15.24
Male,Yes,1,Not Graduate,No,3500,1083.0,135,360,1,Urban,Y,4583.0,8.430109084509125,4.90527477843843,33.94814814814815,Medium Risk,60,Y,16.2,0.0,16.2
Male,Yes,2,Not Graduate,No,3917,0.0,124,360,1,Semiurban,Y,3917.0,8.27308133366583,4.820281565605037,31.588709677419356,Medium Risk,50,N,14.879999999999999,0.0,14.879999999999999
Female,No,0,Not Graduate,No,4408,0.0,120,360,1,Semiurban,Y,4408.0,8.391176350832751,4.787491742782046,36.733333333333334,Medium Risk,50,N,14.399999999999999,0.0,14.399999999999999
Female,No,0,Graduate,No,3244,0.0,80,360,1,Urban,Y,3244.0,8.084562415235304,4.382026634673881,40.55,Medium Risk,70,Y,9.6,0.0,9.6
Male,No,0,Not Graduate,No,3975,2531.0,55,360,1,Rural,Y,6506.0,8.780480107033297,4.007333185232471,118.2909090909091,Low Risk,70,Y,6.6,0.0,6.6
Male,No,0,Graduate,No,2479,0.0,59,360,1,Urban,Y,2479.0,7.8156105320351905,4.07753744390572,42.016949152542374,Medium Risk,70,Y,7.08,0.0,7.08
Male,No,0,Graduate,No,3418,0.0,127,360,1,Semiurban,N,3418.0,8.136810863675537,4.844187086458591,26.913385826771652,High Risk,60,Y,15.24,63.5,-48.26
Female,No,0,Graduate,No,10000,0.0,214,360,1,Semiurban,N,10000.0,9.210340371976184,5.365976015021851,46.728971962616825,Medium Risk,60,Y,25.68,0.0,25.68
Male,Yes,3,Graduate,No,3430,1250.0,128,360,0,Semiurban,N,4680.0,8.451053388911692,4.852030263919617,36.5625,Medium Risk,10,N,15.36,0.0,15.36
Male,Yes,1,Graduate,Yes,7787,0.0,240,360,1,Urban,Y,7787.0,8.960210955576986,5.480638923341991,32.44583333333333,Medium Risk,70,Y,28.799999999999997,0.0,28.799999999999997
Male,Yes,3,Not Graduate,Yes,5703,0.0,130,360,1,Rural,Y,5703.0,8.648747631156539,4.867534450455582,43.86923076923077,Medium Risk,50,N,15.6,0.0,15.6
Male,Yes,0,Graduate,No,3173,3021.0,137,360,1,Urban,Y,6194.0,8.731336360533149,4.919980925828125,45.21167883211679,Medium Risk,70,Y,16.439999999999998,0.0,16.439999999999998
Male,Yes,3,Not Graduate,No,3850,983.0,100,360,1,Semiurban,Y,4833.0,8.483222671845084,4.605170185988092,48.33,Medium Risk,50,N,12.0,0.0,12.0
Male,Yes,0,Graduate,No,150,1800.0,135,360,1,Rural,N,1950.0,7.575584651557793,4.90527477843843,14.444444444444445,High Risk,60,Y,16.2,67.5,-51.3
Male,Yes,0,Graduate,No,3727,1775.0,131,360,1,Semiurban,Y,5502.0,8.61286694148452,4.875197323201151,42.0,Medium Risk,60,Y,15.719999999999999,0.0,15.719999999999999
Male,Yes,2,Graduate,Yes,5000,0.0,72,360,0,Semiurban,N,5000.0,8.517193191416238,4.276666119016055,69.44444444444444,Low Risk,30,N,8.64,0.0,8.64
Female,Yes,2,Graduate,No,4283,2383.0,127,360,1,Semiurban,Y,6666.0,8.804775258867686,4.844187086458591,52.488188976377955,Medium Risk,60,Y,15.24,0.0,15.24
Male,Yes,0,Graduate,No,2221,0.0,60,360,0,Urban,N,2221.0,7.7057128238944275,4.0943445622221,37.016666666666666,Medium Risk,20,N,7.199999999999999,0.0,7.199999999999999
Male,Yes,2,Graduate,No,4009,1717.0,116,360,1,Semiurban,Y,5726.0,8.65277248565806,4.7535901911063645,49.36206896551724,Medium Risk,60,Y,13.92,0.0,13.92
Male,No,0,Graduate,No,2971,2791.0,144,360,1,Semiurban,Y,5762.0,8.659039915644474,4.969813299576001,40.013888888888886,Medium Risk,60,Y,17.28,0.0,17.28
Male,Yes,0,Graduate,No,7578,1010.0,175,360,1,Semiurban,Y,8588.0,9.058121158998672,5.1647859739235145,49.074285714285715,Medium Risk,60,Y,21.0,0.0,21.0
Male,Yes,0,Graduate,No,6250,0.0,128,360,1,Semiurban,Y,6250.0,8.740336742730447,4.852030263919617,48.828125,Medium Risk,60,Y,15.36,0.0,15.36
Male,Yes,0,Graduate,No,3250,0.0,170,360,1,Rural,N,3250.0,8.086410275323782,5.135798437050262,19.11764705882353,High Risk,60,Y,20.4,85.0,-64.6
Male,Yes,0,Not Graduate,Yes,4735,0.0,138,360,1,Urban,N,4735.0,8.462737005620179,4.927253685157205,34.31159420289855,Medium Risk,60,Y,16.56,0.0,16.56
Male,Yes,2,Graduate,No,6250,1695.0,210,360,1,Semiurban,Y,7945.0,8.980298078970817,5.3471075307174685,37.833333333333336,Medium Risk,60,Y,25.2,0.0,25.2
Male,No,0,Graduate,Yes,6400,0.0,200,360,1,Rural,Y,6400.0,8.764053269347762,5.298317366548036,32.0,Medium Risk,60,Y,24.0,0.0,24.0
Male,Yes,1,Graduate,No,2491,2054.0,104,360,1,Semiurban,Y,4545.0,8.421783006611578,4.6443908991413725,43.70192307692308,Medium Risk,60,Y,12.48,0.0,12.48
Male,Yes,0,Graduate,Yes,3716,0.0,42,180,1,Rural,Y,3716.0,8.22040309993373,3.7376696182833684,88.47619047619048,Low Risk,80,Y,5.04,0.0,5.04
Male,No,0,Not Graduate,No,3189,2598.0,120,360,1,Rural,Y,5787.0,8.663369301573839,4.787491742782046,48.225,Medium Risk,50,N,14.399999999999999,0.0,14.399999999999999
Female,No,0,Graduate,No,8333,0.0,280,360,1,Semiurban,Y,8333.0,9.027978814382207,5.634789603169249,29.760714285714286,High Risk,60,Y,33.6,140.0,-106.4
Male,Yes,1,Graduate,No,3155,1779.0,140,360,1,Semiurban,Y,4934.0,8.503905297089302,4.941642422609304,35.24285714285714,Medium Risk,60,Y,16.8,0.0,16.8
Male,Yes,1,Graduate,No,5500,1260.0,170,360,1,Rural,Y,6760.0,8.81877816903701,5.135798437050262,39.76470588235294,Medium Risk,60,Y,20.4,0.0,20.4
Male,Yes,0,Graduate,Yes,5746,0.0,255,360,1,Urban,N,5746.0,8.656259239539235,5.541263545158426,22.533333333333335,High Risk,70,Y,30.599999999999998,127.5,-96.9
Female,No,0,Graduate,Yes,3463,0.0,122,360,1,Urban,Y,3463.0,8.149890544402423,4.804021044733257,28.385245901639344,High Risk,70,Y,14.639999999999999,61.0,-46.36
Female,No,1,Graduate,No,3812,0.0,112,360,1,Rural,Y,3812.0,8.245909264774093,4.718498871295094,34.035714285714285,Medium Risk,60,Y,13.44,0.0,13.44
Male,Yes,1,Graduate,No,3315,0.0,96,360,1,Semiurban,Y,3315.0,8.106212902619962,4.564348191467836,34.53125,Medium Risk,60,Y,11.52,0.0,11.52
Male,Yes,2,Graduate,No,5819,5000.0,120,360,1,Rural,Y,10819.0,9.289059126687574,4.787491742782046,90.15833333333333,Low Risk,80,Y,14.399999999999999,0.0,14.399999999999999
Male,Yes,1,Not Graduate,No,2510,1983.0,140,180,1,Urban,N,4493.0,8.41027590907016,4.941642422609304,32.09285714285714,Medium Risk,60,Y,16.8,0.0,16.8
Male,No,0,Graduate,No,2965,5701.0,155,60,1,Urban,Y,8666.0,9.067162602299854,5.043425116919247,55.909677419354836,Medium Risk,70,Y,18.599999999999998,0.0,18.599999999999998
Male,Yes,2,Graduate,Yes,6250,1300.0,108,360,1,Rural,Y,7550.0,8.92930284224307,4.68213122712422,69.9074074074074,Low Risk,80,Y,12.959999999999999,0.0,12.959999999999999
Male,Yes,0,Not Graduate,No,3406,4417.0,123,360,1,Semiurban,Y,7823.0,8.96482339168508,4.812184355372417,63.60162601626016,Low Risk,70,Y,14.76,0.0,14.76
Male,No,0,Graduate,Yes,6050,4333.0,120,180,1,Urban,N,10383.0,9.247925132303454,4.787491742782046,86.525,Low Risk,90,Y,14.399999999999999,0.0,14.399999999999999
Male,Yes,2,Graduate,No,9703,0.0,112,360,1,Urban,Y,9703.0,9.1801903950253,4.718498871295094,86.63392857142857,Low Risk,90,Y,13.44,0.0,13.44
Male,Yes,1,Not Graduate,No,6608,0.0,137,180,1,Urban,Y,6608.0,8.796036315200814,4.919980925828125,48.23357664233577,Medium Risk,60,Y,16.439999999999998,0.0,16.439999999999998
Male,Yes,1,Graduate,No,2882,1843.0,123,480,1,Semiurban,Y,4725.0,8.460622839927844,4.812184355372417,38.41463414634146,Medium Risk,60,Y,14.76,0.0,14.76
Male,Yes,0,Graduate,No,1809,1868.0,90,360,1,Urban,Y,3677.0,8.209852481301272,4.499809670330265,40.855555555555554,Medium Risk,70,Y,10.799999999999999,0.0,10.799999999999999
Male,Yes,0,Not Graduate,No,1668,3890.0,201,360,0,Semiurban,N,5558.0,8.62299361030245,5.303304908059076,27.65174129353234,High Risk,0,N,24.119999999999997,100.5,-76.38
Female,No,2,Graduate,No,3427,0.0,138,360,1,Urban,N,3427.0,8.139440521874608,4.927253685157205,24.833333333333332,High Risk,70,Y,16.56,69.0,-52.44
Male,No,0,Not Graduate,Yes,2583,2167.0,104,360,1,Rural,Y,4750.0,8.465899897028686,4.6443908991413725,45.67307692307692,Medium Risk,50,N,12.48,0.0,12.48
Male,Yes,1,Not Graduate,No,2661,7101.0,279,180,1,Semiurban,Y,9762.0,9.186252576447092,5.631211781821365,34.98924731182796,Medium Risk,50,N,33.48,0.0,33.48
Male,No,0,Graduate,Yes,16250,0.0,192,360,0,Urban,N,16250.0,9.695848187757884,5.2574953720277815,84.63541666666667,Low Risk,40,N,23.04,0.0,23.04
Female,No,3,Graduate,No,3083,0.0,255,360,1,Rural,Y,3083.0,8.03365842788615,5.541263545158426,12.090196078431372,High Risk,60,Y,30.599999999999998,127.5,-96.9
Male,No,0,Not Graduate,No,6045,0.0,115,360,0,Rural,N,6045.0,8.706986763048892,4.74493212836325,52.56521739130435,Medium Risk,0,N,13.799999999999999,0.0,13.799999999999999
Male,Yes,3,Graduate,No,5250,0.0,94,360,1,Urban,N,5250.0,8.565983355585669,4.543294782270004,55.851063829787236,Medium Risk,70,Y,11.28,0.0,11.28
Male,Yes,0,Graduate,No,14683,2100.0,304,360,1,Rural,N,16783.0,9.72812174830818,5.717027701406222,55.20723684210526,Medium Risk,60,Y,36.48,0.0,36.48
Male,Yes,3,Not Graduate,No,4931,0.0,128,360,1,Semiurban,N,4931.0,8.503297086224126,4.852030263919617,38.5234375,Medium Risk,50,N,15.36,0.0,15.36
Male,Yes,1,Graduate,No,6083,4250.0,330,360,1,Urban,Y,10333.0,9.243097936214355,5.799092654460526,31.312121212121212,Medium Risk,70,Y,39.6,0.0,39.6
Male,No,0,Graduate,No,2060,2209.0,134,360,1,Semiurban,Y,4269.0,8.359134886757962,4.897839799950911,31.85820895522388,Medium Risk,60,Y,16.08,0.0,16.08
Female,No,1,Graduate,No,3481,0.0,155,36,1,Semiurban,N,3481.0,8.15507488781144,5.043425116919247,22.45806451612903,High Risk,60,Y,18.599999999999998,77.5,-58.900000000000006
Female,No,0,Graduate,No,7200,0.0,120,360,1,Rural,Y,7200.0,8.881836305004146,4.787491742782046,60.0,Medium Risk,60,Y,14.399999999999999,0.0,14.399999999999999
Male,No,0,Graduate,Yes,5166,0.0,128,360,1,Semiurban,Y,5166.0,8.549853973655786,4.852030263919617,40.359375,Medium Risk,60,Y,15.36,0.0,15.36
Male,No,0,Graduate,No,4095,3447.0,151,360,1,Rural,Y,7542.0,8.928242677818302,5.017279836814924,49.94701986754967,Medium Risk,60,Y,18.12,0.0,18.12
Male,Yes,2,Graduate,No,4708,1387.0,150,360,1,Semiurban,Y,6095.0,8.715224041915372,5.0106352940962555,40.63333333333333,Medium Risk,60,Y,18.0,0.0,18.0
Male,Yes,3,Graduate,No,4333,1811.0,160,360,0,Urban,Y,6144.0,8.723231274827508,5.075173815233827,38.4,Medium Risk,20,N,19.2,0.0,19.2
Female,No,0,Graduate,Yes,3418,0.0,135,360,1,Rural,N,3418.0,8.136810863675537,4.90527477843843,25.31851851851852,High Risk,60,Y,16.2,67.5,-51.3
Female,No,1,Graduate,No,2876,1560.0,90,360,1,Urban,Y,4436.0,8.397508348470257,4.499809670330265,49.28888888888889,Medium Risk,70,Y,10.799999999999999,0.0,10.799999999999999
Female,No,0,Graduate,No,3237,0.0,30,360,1,Urban,Y,3237.0,8.082402253926244,3.4011973816621555,107.9,Low Risk,90,Y,3.5999999999999996,0.0,3.5999999999999996
Male,Yes,0,Graduate,No,11146,0.0,136,360,1,Urban,Y,11146.0,9.318835968129482,4.912654885736052,81.95588235294117,Low Risk,90,Y,16.32,0.0,16.32
Male,No,0,Graduate,No,2833,1857.0,126,360,1,Rural,Y,4690.0,8.453187861440325,4.836281906951478,37.22222222222222,Medium Risk,60,Y,15.12,0.0,15.12
Male,Yes,0,Graduate,No,2620,2223.0,150,360,1,Semiurban,Y,4843.0,8.48528964240323,5.0106352940962555,32.28666666666667,Medium Risk,60,Y,18.0,0.0,18.0
Male,Yes,2,Graduate,No,3900,0.0,90,360,1,Semiurban,Y,3900.0,8.268731832117737,4.499809670330265,43.333333333333336,Medium Risk,60,Y,10.799999999999999,0.0,10.799999999999999
Male,Yes,1,Graduate,No,2750,1842.0,115,360,1,Semiurban,Y,4592.0,8.432070937999402,4.74493212836325,39.93043478260869,Medium Risk,60,Y,13.799999999999999,0.0,13.799999999999999
Male,Yes,0,Graduate,No,3993,3274.0,207,360,1,Semiurban,Y,7267.0,8.891098830616636,5.332718793265369,35.106280193236714,Medium Risk,60,Y,24.84,0.0,24.84
Male,Yes,0,Graduate,No,3103,1300.0,80,360,1,Urban,Y,4403.0,8.390041405755754,4.382026634673881,55.0375,Medium Risk,70,Y,9.6,0.0,9.6
Male,Yes,0,Graduate,No,14583,0.0,436,360,1,Semiurban,Y,14583.0,9.587611745713565,6.077642243349034,33.44724770642202,Medium Risk,60,Y,52.32,0.0,52.32
Female,Yes,0,Not Graduate,No,4100,0.0,124,360,1,Rural,Y,4100.0,8.318742252692399,4.820281565605037,33.064516129032256,Medium Risk,50,N,14.879999999999999,0.0,14.879999999999999
Male,No,1,Not Graduate,Yes,4053,2426.0,158,360,0,Urban,N,6479.0,8.776321456449958,5.062595033026967,41.00632911392405,Medium Risk,10,N,18.96,0.0,18.96
Male,Yes,0,Graduate,No,3927,800.0,112,360,1,Semiurban,Y,4727.0,8.461046030793236,4.718498871295094,42.205357142857146,Medium Risk,60,Y,13.44,0.0,13.44
Male,Yes,2,Graduate,No,2301,985.7999878,78,180,1,Urban,Y,3286.7999878,8.097669722345216,4.356708826689592,42.13846138205128,Medium Risk,70,Y,9.36,0.0,9.36
Female,No,0,Graduate,No,1811,1666.0,54,360,1,Urban,Y,3477.0,8.153925132007862,3.9889840465642745,64.38888888888889,Low Risk,90,Y,6.4799999999999995,0.0,6.4799999999999995
Male,Yes,0,Graduate,No,20667,0.0,127,360,1,Rural,N,20667.0,9.936293504261306,4.844187086458591,162.73228346456693,Low Risk,80,Y,15.24,0.0,15.24
Male,No,0,Graduate,No,3158,3053.0,89,360,1,Rural,Y,6211.0,8.734077192559303,4.48863636973214,69.78651685393258,Low Risk,80,Y,10.68,0.0,10.68
Female,No,0,Graduate,Yes,2600,1717.0,99,300,1,Semiurban,N,4317.0,8.370315995555478,4.59511985013459,43.60606060606061,Medium Risk,60,Y,11.879999999999999,0.0,11.879999999999999
Male,Yes,0,Graduate,No,3704,2000.0,120,360,1,Rural,Y,5704.0,8.648922962094131,4.787491742782046,47.53333333333333,Medium Risk,60,Y,14.399999999999999,0.0,14.399999999999999
Female,No,0,Graduate,No,4124,0.0,115,360,1,Semiurban,Y,4124.0,8.32457884513685,4.74493212836325,35.86086956521739,Medium Risk,60,Y,13.799999999999999,0.0,13.799999999999999
Male,No,0,Graduate,No,9508,0.0,187,360,1,Rural,Y,9508.0,9.159888828480085,5.231108616854587,50.844919786096256,Medium Risk,60,Y,22.439999999999998,0.0,22.439999999999998
Male,Yes,0,Graduate,No,3075,2416.0,139,360,1,Rural,Y,5491.0,8.610865667278873,4.9344739331306915,39.50359712230216,Medium Risk,60,Y,16.68,0.0,16.68
Male,Yes,2,Graduate,No,4400,0.0,127,360,0,Semiurban,N,4400.0,8.389359819906353,4.844187086458591,34.645669291338585,Medium Risk,10,N,15.24,0.0,15.24
Male,Yes,2,Graduate,No,3153,1560.0,134,360,1,Urban,Y,4713.0,8.45807992692373,4.897839799950911,35.17164179104478,Medium Risk,70,Y,16.08,0.0,16.08
Female,No,0,Graduate,No,5417,0.0,143,480,0,Urban,N,5417.0,8.597297435657898,4.962844630259907,37.88111888111888,Medium Risk,20,N,17.16,0.0,17.16
Male,Yes,0,Graduate,No,2383,3334.0,172,360,1,Semiurban,Y,5717.0,8.651199471263972,5.147494476813453,33.23837209302326,Medium Risk,60,Y,20.64,0.0,20.64
Male,Yes,3,Graduate,Yes,4416,1250.0,110,360,1,Urban,Y,5666.0,8.642238680390461,4.700480365792417,51.50909090909091,Medium Risk,70,Y,13.2,0.0,13.2
Male,Yes,1,Graduate,No,6875,0.0,200,360,1,Semiurban,Y,6875.0,8.835646922534773,5.298317366548036,34.375,Medium Risk,60,Y,24.0,0.0,24.0
Female,Yes,1,Graduate,No,4666,0.0,135,360,1,Urban,Y,4666.0,8.448057452581375,4.90527477843843,34.56296296296296,Medium Risk,70,Y,16.2,0.0,16.2
Female,No,0,Graduate,No,5000,2541.0,151,480,1,Rural,N,7541.0,8.928110078202646,5.017279836814924,49.94039735099338,Medium Risk,60,Y,18.12,0.0,18.12
Male,Yes,1,Graduate,No,2014,2925.0,113,360,1,Urban,N,4939.0,8.504918160540624,4.727387818712341,43.70796460176991,Medium Risk,70,Y,13.559999999999999,0.0,13.559999999999999
Male,Yes,0,Not Graduate,No,1800,2934.0,93,360,0,Urban,N,4734.0,8.46252579007393,4.532599493153256,50.903225806451616,Medium Risk,10,N,11.16,0.0,11.16
Male,Yes,0,Not Graduate,No,2875,1750.0,105,360,1,Semiurban,Y,4625.0,8.439231649946526,4.653960350157523,44.04761904761905,Medium Risk,50,N,12.6,0.0,12.6
Female,No,0,Graduate,No,5000,0.0,132,360,1,Rural,Y,5000.0,8.517193191416238,4.882801922586371,37.878787878787875,Medium Risk,60,Y,15.84,0.0,15.84
Male,Yes,1,Graduate,No,1625,1803.0,96,360,1,Urban,Y,3428.0,8.13973227971767,4.564348191467836,35.708333333333336,Medium Risk,70,Y,11.52,0.0,11.52
Male,No,0,Graduate,No,4000,2500.0,140,360,1,Rural,Y,6500.0,8.779557455883728,4.941642422609304,46.42857142857143,Medium Risk,60,Y,16.8,0.0,16.8
Male,No,0,Not Graduate,No,2000,0.0,127,360,1,Urban,N,2000.0,7.600902459542082,4.844187086458591,15.748031496062993,High Risk,60,Y,15.24,63.5,-48.26
Female,No,0,Graduate,No,3762,1666.0,135,360,1,Rural,Y,5428.0,8.59932602095476,4.90527477843843,40.20740740740741,Medium Risk,60,Y,16.2,0.0,16.2
Female,No,0,Graduate,No,2400,1863.0,104,360,0,Urban,N,4263.0,8.35772841676521,4.6443908991413725,40.99038461538461,Medium Risk,20,N,12.48,0.0,12.48
Male,No,0,Graduate,No,20233,0.0,480,360,1,Rural,N,20233.0,9.915070213779195,6.173786103901937,42.15208333333333,Medium Risk,60,Y,57.599999999999994,0.0,57.599999999999994
Male,Yes,2,Not Graduate,No,7667,0.0,185,360,1,Rural,Y,7667.0,8.944680683558895,5.220355825078324,41.443243243243245,Medium Risk,50,N,22.2,0.0,22.2
Female,No,0,Graduate,No,2917,0.0,84,360,1,Semiurban,Y,2917.0,7.978310969867722,4.430816798843313,34.726190476190474,Medium Risk,60,Y,10.08,0.0,10.08
Male,No,0,Not Graduate,No,2927,2405.0,111,360,1,Semiurban,Y,5332.0,8.5814816812986,4.709530201312334,48.03603603603604,Medium Risk,50,N,13.32,0.0,13.32
Female,No,0,Graduate,No,2507,0.0,56,360,1,Rural,Y,2507.0,7.826842098158293,4.02535169073515,44.767857142857146,Medium Risk,60,Y,6.72,0.0,6.72
Male,Yes,2,Graduate,Yes,5746,0.0,144,84,1,Rural,Y,5746.0,8.656259239539235,4.969813299576001,39.90277777777778,Medium Risk,60,Y,17.28,0.0,17.28
Male,Yes,1,Not Graduate,No,3399,1640.0,111,180,1,Urban,Y,5039.0,8.524962928680598,4.709530201312334,45.3963963963964,Medium Risk,60,Y,13.32,0.0,13.32
Male,Yes,2,Graduate,No,3717,0.0,120,360,1,Semiurban,Y,3717.0,8.220672170297252,4.787491742782046,30.975,Medium Risk,60,Y,14.399999999999999,0.0,14.399999999999999
Male,Yes,0,Graduate,No,2058,2134.0,88,360,1,Urban,Y,4192.0,8.340933226000878,4.477336814478207,47.63636363636363,Medium Risk,70,Y,10.559999999999999,0.0,10.559999999999999
Female,No,1,Graduate,No,3541,0.0,112,360,1,Semiurban,Y,3541.0,8.172164452111904,4.718498871295094,31.616071428571427,Medium Risk,60,Y,13.44,0.0,13.44
Male,Yes,1,Graduate,Yes,10000,0.0,155,360,1,Rural,N,10000.0,9.210340371976184,5.043425116919247,64.51612903225806,Low Risk,80,Y,18.599999999999998,0.0,18.599999999999998
Male,Yes,0,Graduate,No,2400,2167.0,115,360,1,Semiurban,Y,4567.0,8.426611813185,4.74493212836325,39.71304347826087,Medium Risk,60,Y,13.799999999999999,0.0,13.799999999999999
Male,Yes,3,Graduate,No,4342,189.0,124,360,1,Semiurban,Y,4531.0,8.418697944667139,4.820281565605037,36.54032258064516,Medium Risk,60,Y,14.879999999999999,0.0,14.879999999999999
Male,Yes,2,Not Graduate,No,3601,1590.0,127,360,1,Rural,Y,5191.0,8.55468163582723,4.844187086458591,40.874015748031496,Medium Risk,50,N,15.24,0.0,15.24
Female,No,0,Graduate,No,3166,2985.0,132,360,1,Rural,Y,6151.0,8.724369949208368,4.882801922586371,46.59848484848485,Medium Risk,60,Y,15.84,0.0,15.84
Male,Yes,3,Graduate,No,15000,0.0,300,360,1,Rural,Y,15000.0,9.615805480084347,5.703782474656201,50.0,Medium Risk,60,Y,36.0,0.0,36.0
Male,Yes,1,Graduate,Yes,8666,4983.0,376,360,0,Rural,N,13649.0,9.521421537856195,5.929589143389895,36.30053191489362,Medium Risk,10,N,45.12,0.0,45.12
Male,No,0,Graduate,No,4917,0.0,130,360,0,Rural,Y,4917.0,8.50045386741194,4.867534450455582,37.823076923076925,Medium Risk,10,N,15.6,0.0,15.6
Male,Yes,0,Graduate,Yes,5818,2160.0,184,360,1,Semiurban,Y,7978.0,8.984443032465352,5.214935757608986,43.358695652173914,Medium Risk,60,Y,22.08,0.0,22.08
Female,Yes,0,Graduate,No,4333,2451.0,110,360,1,Urban,N,6784.0,8.822322177471738,4.700480365792417,61.67272727272727,Low Risk,90,Y,13.2,0.0,13.2
Female,No,0,Graduate,No,2500,0.0,67,360,1,Urban,Y,2500.0,7.824046010856292,4.204692619390966,37.3134328358209,Medium Risk,70,Y,8.04,0.0,8.04
Male,No,1,Graduate,No,4384,1793.0,117,360,1,Urban,Y,6177.0,8.728587995695898,4.762173934797756,52.794871794871796,Medium Risk,70,Y,14.04,0.0,14.04
Male,No,0,Graduate,No,2935,0.0,98,360,1,Semiurban,Y,2935.0,7.984462732262196,4.584967478670572,29.948979591836736,High Risk,60,Y,11.76,49.0,-37.24
Male,No,0,Graduate,No,2833,0.0,71,360,1,Urban,Y,2833.0,7.949091499830517,4.2626798770413155,39.901408450704224,Medium Risk,70,Y,8.52,0.0,8.52
Male,Yes,0,Graduate,Yes,63337,0.0,490,180,1,Urban,Y,63337.0,11.05622495553552,6.194405391104672,129.25918367346938,Low Risk,90,Y,58.8,0.0,58.8
Male,Yes,0,Graduate,Yes,5503,4490.0,70,360,1,Semiurban,Y,9993.0,9.209640126861789,4.248495242049359,142.75714285714287,Low Risk,80,Y,8.4,0.0,8.4
Male,Yes,1,Graduate,Yes,5250,688.0,160,360,1,Rural,Y,5938.0,8.689127655323706,5.075173815233827,37.1125,Medium Risk,60,Y,19.2,0.0,19.2
Male,Yes,2,Graduate,Yes,2500,4600.0,176,360,1,Rural,Y,7100.0,8.867850063029406,5.170483995038151,40.34090909090909,Medium Risk,60,Y,21.119999999999997,0.0,21.119999999999997
Female,No,3,Not Graduate,No,1830,0.0,127,360,0,Urban,N,1830.0,7.512071245835466,4.844187086458591,14.409448818897637,High Risk,10,N,15.24,63.5,-48.26
Female,No,0,Graduate,No,4160,0.0,71,360,1,Semiurban,Y,4160.0,8.333270353255308,4.2626798770413155,58.59154929577465,Medium Risk,60,Y,8.52,0.0,8.52
Male,Yes,3,Not Graduate,No,2647,1587.0,173,360,1,Rural,N,4234.0,8.350902451694811,5.153291594497779,24.473988439306357,High Risk,50,N,20.759999999999998,86.5,-65.74000000000001
Female,No,0,Graduate,No,2378,0.0,46,360,1,Rural,N,2378.0,7.774015077250727,3.828641396489095,51.69565217391305,Medium Risk,60,Y,5.52,0.0,5.52
Male,Yes,1,Not Graduate,No,4554,1229.0,158,360,1,Urban,Y,5783.0,8.662677858158219,5.062595033026967,36.60126582278481,Medium Risk,60,Y,18.96,0.0,18.96
Male,Yes,3,Not Graduate,No,3173,0.0,74,360,1,Semiurban,Y,3173.0,8.062432791583195,4.30406509320417,42.87837837837838,Medium Risk,50,N,8.879999999999999,0.0,8.879999999999999
Male,Yes,2,Graduate,Yes,2583,2330.0,125,360,1,Rural,Y,4913.0,8.499640032168648,4.8283137373023015,39.304,Medium Risk,60,Y,15.0,0.0,15.0
Male,Yes,0,Graduate,No,2499,2458.0,160,360,1,Semiurban,Y,4957.0,8.508555998020574,5.075173815233827,30.98125,Medium Risk,60,Y,19.2,0.0,19.2
Male,Yes,0,Not Graduate,No,3523,3230.0,152,360,0,Rural,N,6753.0,8.817742129574842,5.0238805208462765,44.42763157894737,Medium Risk,0,N,18.24,0.0,18.24
Male,Yes,2,Not Graduate,No,3083,2168.0,126,360,1,Urban,Y,5251.0,8.566173813637858,4.836281906951478,41.67460317460318,Medium Risk,60,Y,15.12,0.0,15.12
Male,Yes,0,Graduate,No,6333,4583.0,259,360,1,Semiurban,Y,10916.0,9.29798488182823,5.556828061699537,42.14671814671814,Medium Risk,60,Y,31.08,0.0,31.08
Male,Yes,0,Graduate,No,2625,6250.0,187,360,1,Rural,Y,8875.0,9.090993614343617,5.231108616854587,47.45989304812834,Medium Risk,60,Y,22.439999999999998,0.0,22.439999999999998
Male,Yes,0,Graduate,No,9083,0.0,228,360,1,Semiurban,Y,9083.0,9.114159813502214,5.429345628954441,39.83771929824562,Medium Risk,60,Y,27.36,0.0,27.36
Male,No,0,Graduate,No,8750,4167.0,308,360,1,Rural,N,12917.0,9.466299552232016,5.730099782973574,41.938311688311686,Medium Risk,60,Y,36.96,0.0,36.96
Male,Yes,3,Graduate,No,2666,2083.0,95,360,1,Rural,Y,4749.0,8.465689348549121,4.553876891600541,49.98947368421052,Medium Risk,60,Y,11.4,0.0,11.4
Female,Yes,0,Graduate,Yes,5500,0.0,105,360,0,Rural,N,5500.0,8.612503371220562,4.653960350157523,52.38095238095238,Medium Risk,10,N,12.6,0.0,12.6
Female,Yes,0,Graduate,No,2423,505.0,130,360,1,Semiurban,Y,2928.0,7.982074875081202,4.867534450455582,22.523076923076925,High Risk,60,Y,15.6,65.0,-49.4
Female,No,0,Graduate,No,3813,0.0,116,180,1,Urban,Y,3813.0,8.246171559857563,4.7535901911063645,32.87068965517241,Medium Risk,70,Y,13.92,0.0,13.92
Male,Yes,2,Graduate,No,8333,3167.0,165,360,1,Rural,Y,11500.0,9.350102314351341,5.10594547390058,69.6969696969697,Low Risk,80,Y,19.8,0.0,19.8
Male,Yes,1,Graduate,No,3875,0.0,67,360,1,Urban,N,3875.0,8.262300941787448,4.204692619390966,57.83582089552239,Medium Risk,70,Y,8.04,0.0,8.04
Male,Yes,0,Not Graduate,No,3000,1666.0,100,480,0,Urban,N,4666.0,8.448057452581375,4.605170185988092,46.66,Medium Risk,10,N,12.0,0.0,12.0
Male,Yes,3,Graduate,No,5167,3167.0,200,360,1,Semiurban,Y,8334.0,9.0280988119824,5.298317366548036,41.67,Medium Risk,60,Y,24.0,0.0,24.0
Female,No,1,Graduate,No,4723,0.0,81,360,1,Semiurban,N,4723.0,8.460199469896118,4.394449154672439,58.30864197530864,Medium Risk,60,Y,9.719999999999999,0.0,9.719999999999999
Male,Yes,2,Graduate,No,5000,3667.0,236,360,1,Semiurban,Y,8667.0,9.067277989134345,5.4638318050256105,36.72457627118644,Medium Risk,60,Y,28.32,0.0,28.32
Male,Yes,0,Graduate,No,4750,2333.0,130,360,1,Urban,Y,7083.0,8.865452825753623,4.867534450455582,54.48461538461538,Medium Risk,70,Y,15.6,0.0,15.6
Male,Yes,0,Graduate,No,3013,3033.0,95,300,1,Urban,Y,6046.0,8.707152175339404,4.553876891600541,63.642105263157895,Low Risk,90,Y,11.4,0.0,11.4
Male,No,0,Graduate,Yes,6822,0.0,141,360,1,Rural,Y,6822.0,8.82790796297859,4.948759890378168,48.38297872340426,Medium Risk,60,Y,16.919999999999998,0.0,16.919999999999998
Male,No,0,Not Graduate,No,6216,0.0,133,360,1,Rural,N,6216.0,8.734881892047483,4.890349128221754,46.73684210526316,Medium Risk,50,N,15.959999999999999,0.0,15.959999999999999
Male,No,0,Graduate,No,2500,0.0,96,480,1,Semiurban,N,2500.0,7.824046010856292,4.564348191467836,26.041666666666668,High Risk,60,Y,11.52,48.0,-36.480000000000004
Male,No,0,Graduate,No,5124,0.0,124,360,0,Rural,N,5124.0,8.541690663016626,4.820281565605037,41.32258064516129,Medium Risk,10,N,14.879999999999999,0.0,14.879999999999999
Male,Yes,1,Graduate,No,6325,0.0,175,360,1,Semiurban,Y,6325.0,8.752265313595721,5.1647859739235145,36.142857142857146,Medium Risk,60,Y,21.0,0.0,21.0
Male,Yes,0,Graduate,No,19730,5266.0,570,360,1,Rural,N,24996.0,10.126471091048971,6.345636360828596,43.85263157894737,Medium Risk,60,Y,68.39999999999999,0.0,68.39999999999999
Female,No,0,Graduate,Yes,15759,0.0,55,360,1,Semiurban,Y,15759.0,9.665166909622071,4.007333185232471,286.5272727272727,Low Risk,80,Y,6.6,0.0,6.6
Male,Yes,2,Graduate,No,5185,0.0,155,360,1,Semiurban,Y,5185.0,8.553525120663627,5.043425116919247,33.45161290322581,Medium Risk,60,Y,18.599999999999998,0.0,18.599999999999998
Male,Yes,2,Graduate,Yes,9323,7873.0,380,300,1,Rural,Y,17196.0,9.752432077616172,5.940171252720432,45.252631578947366,Medium Risk,60,Y,45.6,0.0,45.6
Male,No,1,Graduate,No,3062,1987.0,111,180,0,Urban,N,5049.0,8.526945482858915,4.709530201312334,45.486486486486484,Medium Risk,20,N,13.32,0.0,13.32
Female,No,0,Graduate,Yes,2764,1459.0,110,360,1,Urban,Y,4223.0,8.348301054933943,4.700480365792417,38.39090909090909,Medium Risk,70,Y,13.2,0.0,13.2
Male,Yes,0,Graduate,No,4817,923.0,120,180,1,Urban,Y,5740.0,8.655214489313613,4.787491742782046,47.833333333333336,Medium Risk,70,Y,14.399999999999999,0.0,14.399999999999999
Male,Yes,3,Graduate,No,8750,4996.0,130,360,1,Rural,Y,13746.0,9.52850315168155,4.867534450455582,105.73846153846154,Low Risk,80,Y,15.6,0.0,15.6
Male,Yes,0,Graduate,No,4310,0.0,130,360,1,Semiurban,Y,4310.0,8.368693183097793,4.867534450455582,33.15384615384615,Medium Risk,60,Y,15.6,0.0,15.6
Male,No,0,Graduate,No,3069,0.0,71,480,1,Urban,N,3069.0,8.029107054619736,4.2626798770413155,43.225352112676056,Medium Risk,70,Y,8.52,0.0,8.52
Male,Yes,2,Graduate,No,5391,0.0,130,360,1,Urban,Y,5391.0,8.592486175451668,4.867534450455582,41.46923076923077,Medium Risk,70,Y,15.6,0.0,15.6
Male,Yes,0,Graduate,Yes,3333,2500.0,128,360,1,Semiurban,Y,5833.0,8.671286726753637,4.852030263919617,45.5703125,Medium Risk,60,Y,15.36,0.0,15.36
Male,No,0,Graduate,No,5941,4232.0,296,360,1,Semiurban,Y,10173.0,9.227492430793749,5.69035945432406,34.36824324324324,Medium Risk,60,Y,35.519999999999996,0.0,35.519999999999996
Female,No,0,Graduate,No,6000,0.0,156,360,1,Urban,Y,6000.0,8.699514748210191,5.049856007249537,38.46153846153846,Medium Risk,70,Y,18.72,0.0,18.72
Male,No,0,Graduate,Yes,7167,0.0,128,360,1,Urban,Y,7167.0,8.877242435993919,4.852030263919617,55.9921875,Medium Risk,70,Y,15.36,0.0,15.36
Male,Yes,2,Graduate,No,4566,0.0,100,360,1,Urban,N,4566.0,8.42639282708974,4.605170185988092,45.66,Medium Risk,70,Y,12.0,0.0,12.0
Male,No,1,Graduate,Yes,3667,0.0,113,180,1,Urban,Y,3667.0,8.207129168071326,4.727387818712341,32.45132743362832,Medium Risk,70,Y,13.559999999999999,0.0,13.559999999999999
Male,No,0,Not Graduate,No,2346,1600.0,132,360,1,Semiurban,Y,3946.0,8.28045768658256,4.882801922586371,29.893939393939394,High Risk,50,N,15.84,66.0,-50.16
Male,Yes,0,Not Graduate,No,3010,3136.0,127,360,0,Urban,N,6146.0,8.72355674269043,4.844187086458591,48.39370078740158,Medium Risk,10,N,15.24,0.0,15.24
Male,Yes,0,Graduate,No,2333,2417.0,136,360,1,Urban,Y,4750.0,8.465899897028686,4.912654885736052,34.9264705882353,Medium Risk,70,Y,16.32,0.0,16.32
Male,Yes,0,Graduate,No,5488,0.0,125,360,1,Rural,Y,5488.0,8.610319169405722,4.8283137373023015,43.904,Medium Risk,60,Y,15.0,0.0,15.0
Male,No,3,Graduate,No,9167,0.0,185,360,1,Rural,Y,9167.0,9.123365357961776,5.220355825078324,49.55135135135135,Medium Risk,60,Y,22.2,0.0,22.2
Male,Yes,3,Graduate,No,9504,0.0,275,360,1,Rural,Y,9504.0,9.159468041602427,5.616771097666572,34.56,Medium Risk,60,Y,33.0,0.0,33.0
Male,Yes,0,Graduate,No,2583,2115.0,120,360,1,Urban,Y,4698.0,8.454892165218858,4.787491742782046,39.15,Medium Risk,70,Y,14.399999999999999,0.0,14.399999999999999
Male,Yes,2,Not Graduate,No,1993,1625.0,113,180,1,Semiurban,Y,3618.0,8.193676665955241,4.727387818712341,32.017699115044245,Medium Risk,50,N,13.559999999999999,0.0,13.559999999999999
Male,Yes,2,Graduate,No,3100,1400.0,113,360,1,Urban,Y,4500.0,8.411832675758411,4.727387818712341,39.823008849557525,Medium Risk,70,Y,13.559999999999999,0.0,13.559999999999999
Male,Yes,2,Graduate,No,3276,484.0,135,360,1,Semiurban,Y,3760.0,8.23217423638394,4.90527477843843,27.85185185185185,High Risk,60,Y,16.2,67.5,-51.3
Female,No,0,Graduate,No,3180,0.0,71,360,0,Urban,N,3180.0,8.064636475774222,4.2626798770413155,44.7887323943662,Medium Risk,20,N,8.52,0.0,8.52
Male,Yes,0,Graduate,No,3033,1459.0,95,360,1,Urban,Y,4492.0,8.410053315858335,4.553876891600541,47.28421052631579,Medium Risk,70,Y,11.4,0.0,11.4
Male,No,0,Not Graduate,No,3902,1666.0,109,360,1,Rural,Y,5568.0,8.624791202014256,4.6913478822291435,51.08256880733945,Medium Risk,50,N,13.08,0.0,13.08
Female,No,0,Graduate,No,1500,1800.0,103,360,0,Semiurban,N,3300.0,8.101677747454572,4.634728988229636,32.03883495145631,Medium Risk,10,N,12.36,0.0,12.36
Male,Yes,2,Not Graduate,No,2889,0.0,45,180,0,Urban,N,2889.0,7.968665700466235,3.8066624897703196,64.2,Low Risk,30,N,5.3999999999999995,0.0,5.3999999999999995
Male,No,0,Not Graduate,No,2755,0.0,65,300,1,Rural,N,2755.0,7.9211727215870145,4.174387269895637,42.38461538461539,Medium Risk,50,N,7.8,0.0,7.8
Male,No,0,Graduate,No,2500,20000.0,103,360,1,Semiurban,Y,22500.0,10.021270588192511,4.634728988229636,218.44660194174756,Low Risk,80,Y,12.36,0.0,12.36
Female,No,0,Not Graduate,No,1963,0.0,53,360,1,Semiurban,Y,1963.0,7.5822291942764615,3.970291913552122,37.0377358490566,Medium Risk,50,N,6.359999999999999,0.0,6.359999999999999
Female,No,0,Graduate,Yes,7441,0.0,194,360,1,Rural,N,7441.0,8.914760527397261,5.267858159063328,38.355670103092784,Medium Risk,60,Y,23.279999999999998,0.0,23.279999999999998
Female,No,0,Graduate,No,4547,0.0,115,360,1,Semiurban,Y,4547.0,8.42222295382501,4.74493212836325,39.53913043478261,Medium Risk,60,Y,13.799999999999999,0.0,13.799999999999999
Male,Yes,0,Not Graduate,No,2167,2400.0,115,360,1,Urban,Y,4567.0,8.426611813185,4.74493212836325,39.71304347826087,Medium Risk,60,Y,13.799999999999999,0.0,13.799999999999999
Female,No,0,Not Graduate,No,2213,0.0,66,360,1,Rural,Y,2213.0,7.70210434005105,4.189654742026425,33.53030303030303,Medium Risk,50,N,7.92,0.0,7.92
Male,Yes,1,Graduate,No,8300,0.0,152,300,0,Semiurban,N,8300.0,9.02401079378469,5.0238805208462765,54.60526315789474,Medium Risk,10,N,18.24,0.0,18.24
Male,Yes,3,Graduate,No,81000,0.0,360,360,0,Rural,N,81000.0,11.302204433654575,5.886104031450156,225.0,Low Risk,30,N,43.199999999999996,0.0,43.199999999999996
Female,No,1,Not Graduate,Yes,3867,0.0,62,360,1,Semiurban,N,3867.0,8.260234291607297,4.127134385045092,62.37096774193548,Low Risk,70,Y,7.4399999999999995,0.0,7.4399999999999995
Male,Yes,0,Graduate,Yes,6256,0.0,160,360,1,Urban,Y,6256.0,8.741296282225147,5.075173815233827,39.1,Medium Risk,70,Y,19.2,0.0,19.2
Male,Yes,0,Not Graduate,No,6096,0.0,218,360,0,Rural,N,6096.0,8.715388097366482,5.384495062789089,27.96330275229358,High Risk,0,N,26.16,109.0,-82.84
Male,Yes,0,Not Graduate,No,2253,2033.0,110,360,1,Rural,Y,4286.0,8.363109176033522,4.700480365792417,38.96363636363636,Medium Risk,50,N,13.2,0.0,13.2
Female,Yes,0,Not Graduate,No,2149,3237.0,178,360,0,Semiurban,N,5386.0,8.591558273371545,5.181783550292085,30.258426966292134,Medium Risk,0,N,21.36,0.0,21.36
Female,No,0,Graduate,No,2995,0.0,60,360,1,Urban,Y,2995.0,8.00469951054955,4.0943445622221,49.916666666666664,Medium Risk,70,Y,7.199999999999999,0.0,7.199999999999999
Female,No,1,Graduate,No,2600,0.0,160,360,1,Urban,N,2600.0,7.8632667240095735,5.075173815233827,16.25,High Risk,70,Y,19.2,80.0,-60.8
Male,Yes,2,Graduate,Yes,1600,20000.0,239,360,1,Urban,N,21600.0,9.980448593672257,5.476463551931511,90.3765690376569,Low Risk,90,Y,28.68,0.0,28.68
Male,Yes,0,Graduate,No,1025,2773.0,112,360,1,Rural,Y,3798.0,8.242229891372231,4.718498871295094,33.910714285714285,Medium Risk,60,Y,13.44,0.0,13.44
Male,Yes,0,Graduate,No,3246,1417.0,138,360,1,Semiurban,Y,4663.0,8.44741429680832,4.927253685157205,33.789855072463766,Medium Risk,60,Y,16.56,0.0,16.56
Male,Yes,0,Graduate,No,5829,0.0,138,360,1,Rural,Y,5829.0,8.67060073804555,4.927253685157205,42.23913043478261,Medium Risk,60,Y,16.56,0.0,16.56
Female,No,0,Not Graduate,No,2720,0.0,80,360,0,Urban,N,2720.0,7.908387159290043,4.382026634673881,34.0,Medium Risk,10,N,9.6,0.0,9.6
Male,Yes,0,Graduate,No,1820,1719.0,100,360,1,Urban,Y,3539.0,8.171599480345463,4.605170185988092,35.39,Medium Risk,70,Y,12.0,0.0,12.0
Male,Yes,1,Graduate,No,7250,1667.0,110,360,0,Urban,N,8917.0,9.095714846134879,4.700480365792417,81.06363636363636,Low Risk,40,N,13.2,0.0,13.2
Male,Yes,0,Graduate,No,14880,0.0,96,360,1,Semiurban,Y,14880.0,9.607773308387083,4.564348191467836,155.0,Low Risk,80,Y,11.52,0.0,11.52
Male,Yes,0,Graduate,No,2666,4300.0,121,360,1,Rural,Y,6966.0,8.848796450925947,4.795790545596741,57.570247933884296,Medium Risk,60,Y,14.52,0.0,14.52
Female,No,1,Not Graduate,No,4606,0.0,81,360,1,Rural,N,4606.0,8.43511508038063,4.394449154672439,56.864197530864196,Medium Risk,50,N,9.719999999999999,0.0,9.719999999999999
Male,Yes,2,Graduate,No,5935,0.0,133,360,1,Semiurban,Y,5935.0,8.688622307043769,4.890349128221754,44.62406015037594,Medium Risk,60,Y,15.959999999999999,0.0,15.959999999999999
Male,Yes,0,Graduate,No,2920,16.12000084,87,360,1,Rural,Y,2936.12000084,7.984844261119869,4.465908118654584,33.74850575678161,Medium Risk,60,Y,10.44,0.0,10.44
Male,No,0,Not Graduate,No,2717,0.0,60,180,1,Urban,Y,2717.0,7.907283609426348,4.0943445622221,45.28333333333333,Medium Risk,60,Y,7.199999999999999,0.0,7.199999999999999
Female,No,1,Graduate,Yes,8624,0.0,150,360,1,Semiurban,Y,8624.0,9.06230429314878,5.0106352940962555,57.49333333333333,Medium Risk,60,Y,18.0,0.0,18.0
Male,No,0,Graduate,No,6500,0.0,105,360,0,Rural,N,6500.0,8.779557455883728,4.653960350157523,61.904761904761905,Low Risk,30,N,12.6,0.0,12.6
Male,No,0,Graduate,Yes,12876,0.0,405,360,1,Semiurban,Y,12876.0,9.463120392418698,6.003887067106539,31.79259259259259,Medium Risk,60,Y,48.6,0.0,48.6
Male,Yes,0,Graduate,No,2425,2340.0,143,360,1,Semiurban,Y,4765.0,8.469052816088302,4.962844630259907,33.32167832167832,Medium Risk,60,Y,17.16,0.0,17.16
Male,No,0,Graduate,No,3750,0.0,100,360,1,Urban,Y,3750.0,8.229511118964457,4.605170185988092,37.5,Medium Risk,70,Y,12.0,0.0,12.0
Male,No,0,Graduate,No,1926,1851.0,50,360,1,Semiurban,Y,3777.0,8.236685322712457,3.912023005428146,75.54,Low Risk,80,Y,6.0,0.0,6.0
Male,Yes,0,Graduate,No,2213,1125.0,127,360,1,Urban,Y,3338.0,8.11312710422178,4.844187086458591,26.283464566929133,High Risk,70,Y,15.24,63.5,-48.26
Male,No,0,Graduate,Yes,10416,0.0,187,360,0,Urban,N,10416.0,9.251098364448351,5.231108616854587,55.70053475935829,Medium Risk,20,N,22.439999999999998,0.0,22.439999999999998
Female,Yes,0,Not Graduate,Yes,7142,0.0,138,360,1,Rural,Y,7142.0,8.873748128154395,4.927253685157205,51.7536231884058,Medium Risk,50,N,16.56,0.0,16.56
Male,No,0,Graduate,No,3660,5064.0,187,360,1,Semiurban,Y,8724.0,9.07383312732152,5.231108616854587,46.6524064171123,Medium Risk,60,Y,22.439999999999998,0.0,22.439999999999998
Male,Yes,0,Graduate,No,7901,1833.0,180,360,1,Rural,Y,9734.0,9.1833801903934,5.19295685089021,54.077777777777776,Medium Risk,60,Y,21.599999999999998,0.0,21.599999999999998
Male,No,3,Not Graduate,No,4707,1993.0,148,360,1,Semiurban,Y,6700.0,8.809862805379057,4.997212273764115,45.270270270270274,Medium Risk,50,N,17.759999999999998,0.0,17.759999999999998
Male,No,1,Graduate,No,37719,0.0,152,360,1,Semiurban,Y,37719.0,10.537919225261291,5.0238805208462765,248.15131578947367,Low Risk,80,Y,18.24,0.0,18.24
Male,Yes,0,Graduate,No,7333,8333.0,175,300,1,Rural,Y,15666.0,9.659248037927183,5.1647859739235145,89.52,Low Risk,80,Y,21.0,0.0,21.0
Male,Yes,1,Graduate,Yes,3466,1210.0,130,360,1,Rural,Y,4676.0,8.450198322591959,4.867534450455582,35.96923076923077,Medium Risk,60,Y,15.6,0.0,15.6
Male,Yes,2,Not Graduate,No,4652,0.0,110,360,1,Rural,Y,4652.0,8.445052513638554,4.700480365792417,42.29090909090909,Medium Risk,50,N,13.2,0.0,13.2
Male,Yes,0,Graduate,Yes,3539,1376.0,55,360,1,Rural,N,4915.0,8.500047032581268,4.007333185232471,89.36363636363636,Low Risk,80,Y,6.6,0.0,6.6
Male,Yes,2,Graduate,No,3340,1710.0,150,360,0,Rural,N,5050.0,8.527143522269405,5.0106352940962555,33.666666666666664,Medium Risk,10,N,18.0,0.0,18.0
Male,No,1,Not Graduate,Yes,2769,1542.0,190,360,1,Semiurban,N,4311.0,8.368925174747135,5.247024072160486,22.689473684210526,High Risk,50,N,22.8,95.0,-72.2
Male,Yes,2,Not Graduate,No,2309,1255.0,125,360,0,Rural,N,3564.0,8.1786387885907,4.8283137373023015,28.512,High Risk,0,N,15.0,62.5,-47.5
Male,Yes,2,Not Graduate,No,1958,1456.0,60,300,1,Urban,Y,3414.0,8.135639903354386,4.0943445622221,56.9,Medium Risk,60,Y,7.199999999999999,0.0,7.199999999999999
Male,Yes,0,Graduate,No,3948,1733.0,149,360,0,Rural,N,5681.0,8.644882552557126,5.003946305945459,38.12751677852349,Medium Risk,10,N,17.88,0.0,17.88
Male,Yes,0,Graduate,No,2483,2466.0,90,180,0,Rural,Y,4949.0,8.506940814951886,4.499809670330265,54.98888888888889,Medium Risk,10,N,10.799999999999999,0.0,10.799999999999999
Male,No,0,Graduate,Yes,7085,0.0,84,360,1,Semiurban,Y,7085.0,8.865735152124781,4.430816798843313,84.3452380952381,Low Risk,80,Y,10.08,0.0,10.08
Male,Yes,2,Graduate,No,3859,0.0,96,360,1,Semiurban,Y,3859.0,8.258163361537619,4.564348191467836,40.197916666666664,Medium Risk,60,Y,11.52,0.0,11.52
Male,Yes,0,Graduate,No,4301,0.0,118,360,1,Urban,Y,4301.0,8.366602832783736,4.770684624465665,36.44915254237288,Medium Risk,70,Y,14.16,0.0,14.16
Male,Yes,0,Graduate,No,3708,2569.0,173,360,1,Urban,N,6277.0,8.744647438317532,5.153291594497779,36.283236994219656,Medium Risk,70,Y,20.759999999999998,0.0,20.759999999999998
Male,No,2,Graduate,No,4354,0.0,136,360,1,Rural,Y,4354.0,8.378850241794492,4.912654885736052,32.01470588235294,Medium Risk,60,Y,16.32,0.0,16.32
Male,Yes,0,Graduate,No,8334,0.0,160,360,1,Semiurban,N,8334.0,9.0280988119824,5.075173815233827,52.0875,Medium Risk,60,Y,19.2,0.0,19.2
Male,Yes,3,Graduate,No,7740,0.0,128,180,1,Urban,Y,7740.0,8.954156966583772,4.852030263919617,60.46875,Low Risk,90,Y,15.36,0.0,15.36
Male,Yes,0,Graduate,No,3015,2188.0,153,360,1,Rural,Y,5203.0,8.556990661290303,5.030437921392435,34.00653594771242,Medium Risk,60,Y,18.36,0.0,18.36
Female,No,1,Not Graduate,Yes,5191,0.0,132,360,1,Semiurban,Y,5191.0,8.55468163582723,4.882801922586371,39.32575757575758,Medium Risk,50,N,15.84,0.0,15.84
Male,No,0,Graduate,No,4166,0.0,98,360,0,Semiurban,N,4166.0,8.334711621820917,4.584967478670572,42.51020408163265,Medium Risk,10,N,11.76,0.0,11.76
Male,No,0,Graduate,No,6000,0.0,140,360,1,Rural,Y,6000.0,8.699514748210191,4.941642422609304,42.857142857142854,Medium Risk,60,Y,16.8,0.0,16.8
Male,Yes,3,Not Graduate,No,2947,1664.0,70,180,0,Urban,N,4611.0,8.436200032206706,4.248495242049359,65.87142857142857,Low Risk,30,N,8.4,0.0,8.4
Female,Yes,2,Not Graduate,Yes,210,2917.0,98,360,1,Semiurban,Y,3127.0,8.047829357457841,4.584967478670572,31.908163265306122,Medium Risk,50,N,11.76,0.0,11.76
Male,Yes,0,Graduate,No,4333,2451.0,110,360,1,Urban,N,6784.0,8.822322177471738,4.700480365792417,61.67272727272727,Low Risk,90,Y,13.2,0.0,13.2
Male,Yes,1,Graduate,Yes,3450,2079.0,162,360,1,Semiurban,Y,5529.0,8.617762246337932,5.087596335232384,34.129629629629626,Medium Risk,60,Y,19.439999999999998,0.0,19.439999999999998
Male,Yes,1,Not Graduate,No,2653,1500.0,113,180,0,Rural,N,4153.0,8.331586243630754,4.727387818712341,36.75221238938053,Medium Risk,0,N,13.559999999999999,0.0,13.559999999999999
Male,Yes,3,Graduate,No,4691,0.0,100,360,1,Semiurban,Y,4691.0,8.453401058328458,4.605170185988092,46.91,Medium Risk,60,Y,12.0,0.0,12.0
Female,No,0,Graduate,Yes,2500,0.0,93,360,1,Urban,Y,2500.0,7.824046010856292,4.532599493153256,26.881720430107528,High Risk,70,Y,11.16,46.5,-35.34
Male,No,2,Graduate,No,5532,4648.0,162,360,1,Rural,Y,10180.0,9.228180290104513,5.087596335232384,62.839506172839506,Low Risk,80,Y,19.439999999999998,0.0,19.439999999999998
Male,Yes,2,Graduate,Yes,16525,1014.0,150,360,1,Rural,Y,17539.0,9.772182251758139,5.0106352940962555,116.92666666666666,Low Risk,80,Y,18.0,0.0,18.0
Male,Yes,2,Graduate,No,6700,1750.0,230,300,1,Semiurban,Y,8450.0,9.041921720351219,5.438079308923196,36.73913043478261,Medium Risk,60,Y,27.599999999999998,0.0,27.599999999999998
Male,Yes,1,Graduate,Yes,16667,2250.0,86,360,1,Semiurban,Y,18917.0,9.847816267665664,4.454347296253507,219.96511627906978,Low Risk,80,Y,10.32,0.0,10.32
Male,Yes,2,Graduate,No,2947,1603.0,127,360,1,Urban,N,4550.0,8.422882511944996,4.844187086458591,35.826771653543304,Medium Risk,70,Y,15.24,0.0,15.24
Female,No,0,Not Graduate,No,4350,0.0,154,360,1,Rural,Y,4350.0,8.37793112408273,5.0369526024136295,28.246753246753247,High Risk,50,N,18.48,77.0,-58.519999999999996
Male,Yes,3,Not Graduate,No,3095,0.0,113,360,1,Rural,Y,3095.0,8.037543185118697,4.727387818712341,27.38938053097345,High Risk,50,N,13.559999999999999,56.5,-42.94
Male,Yes,0,Graduate,No,2083,3150.0,128,360,1,Semiurban,Y,5233.0,8.562740006372207,4.852030263919617,40.8828125,Medium Risk,60,Y,15.36,0.0,15.36
Male,Yes,0,Graduate,No,10833,0.0,234,360,1,Semiurban,Y,10833.0,9.290352309945568,5.455321115357702,46.294871794871796,Medium Risk,60,Y,28.08,0.0,28.08
Male,Yes,2,Graduate,No,8333,0.0,246,360,1,Semiurban,Y,8333.0,9.027978814382207,5.5053315359323625,33.8739837398374,Medium Risk,60,Y,29.52,0.0,29.52
Male,Yes,1,Not Graduate,No,1958,2436.0,131,360,1,Rural,Y,4394.0,8.387995252944556,4.875197323201151,33.541984732824424,Medium Risk,50,N,15.719999999999999,0.0,15.719999999999999
Male,No,2,Graduate,No,3547,0.0,80,360,0,Rural,N,3547.0,8.173857454773621,4.382026634673881,44.3375,Medium Risk,10,N,9.6,0.0,9.6
Male,Yes,1,Graduate,No,18333,0.0,500,360,1,Urban,N,18333.0,9.816457993563025,6.214608098422191,36.666,Medium Risk,70,Y,60.0,0.0,60.0
Male,Yes,2,Graduate,Yes,4583,2083.0,160,360,1,Semiurban,Y,6666.0,8.804775258867686,5.075173815233827,41.6625,Medium Risk,60,Y,19.2,0.0,19.2
Male,No,0,Graduate,No,2435,0.0,75,360,1,Urban,N,2435.0,7.79770203551669,4.31748811353631,32.46666666666667,Medium Risk,70,Y,9.0,0.0,9.0
Male,No,0,Not Graduate,No,2699,2785.0,96,360,1,Semiurban,Y,5484.0,8.609590040682205,4.564348191467836,57.125,Medium Risk,50,N,11.52,0.0,11.52
Male,Yes,1,Not Graduate,No,5333,1131.0,186,360,1,Urban,Y,6464.0,8.774003600200931,5.225746673713202,34.75268817204301,Medium Risk,60,Y,22.32,0.0,22.32
Male,No,0,Not Graduate,No,3691,0.0,110,360,1,Rural,Y,3691.0,8.213652703029998,4.700480365792417,33.554545454545455,Medium Risk,50,N,13.2,0.0,13.2
Female,No,0,Not Graduate,Yes,17263,0.0,225,360,1,Semiurban,Y,17263.0,9.756320761816548,5.41610040220442,76.72444444444444,Low Risk,70,Y,27.0,0.0,27.0
Male,Yes,0,Graduate,No,3597,2157.0,119,360,0,Rural,N,5754.0,8.657650544111494,4.77912349311153,48.35294117647059,Medium Risk,10,N,14.28,0.0,14.28
Female,Yes,1,Graduate,No,3326,913.0,105,84,1,Semiurban,Y,4239.0,8.352082671352637,4.653960350157523,40.371428571428574,Medium Risk,60,Y,12.6,0.0,12.6
Male,Yes,0,Not Graduate,No,2600,1700.0,107,360,1,Rural,Y,4300.0,8.366370301681654,4.672828834461906,40.18691588785047,Medium Risk,50,N,12.84,0.0,12.84
Male,Yes,0,Graduate,No,4625,2857.0,111,12,1,Urban,Y,7482.0,8.920255414908091,4.709530201312334,67.4054054054054,Low Risk,90,Y,13.32,0.0,13.32
Male,Yes,1,Graduate,Yes,2895,0.0,95,360,1,Semiurban,Y,2895.0,7.970740390007095,4.553876891600541,30.473684210526315,Medium Risk,60,Y,11.4,0.0,11.4
Male,No,0,Graduate,No,6283,4416.0,209,360,0,Rural,N,10699.0,9.277905558138606,5.342334251964811,51.19138755980861,Medium Risk,10,N,25.08,0.0,25.08
Female,No,0,Graduate,No,645,3683.0,113,480,1,Rural,Y,4328.0,8.372860820526318,4.727387818712341,38.30088495575221,Medium Risk,60,Y,13.559999999999999,0.0,13.559999999999999
Female,No,0,Graduate,No,3159,0.0,100,360,1,Semiurban,Y,3159.0,8.058010800802085,4.605170185988092,31.59,Medium Risk,60,Y,12.0,0.0,12.0
Male,Yes,2,Graduate,No,4865,5624.0,208,360,1,Semiurban,Y,10489.0,9.258082367961604,5.337538079701318,50.42788461538461,Medium Risk,60,Y,24.96,0.0,24.96
Male,Yes,1,Not Graduate,No,4050,5302.0,138,360,1,Rural,N,9352.0,9.143345503151904,4.927253685157205,67.76811594202898,Low Risk,70,Y,16.56,0.0,16.56
Male,Yes,0,Not Graduate,No,3814,1483.0,124,300,1,Semiurban,Y,5297.0,8.574895901544526,4.820281565605037,42.71774193548387,Medium Risk,50,N,14.879999999999999,0.0,14.879999999999999
Male,Yes,2,Graduate,No,3510,4416.0,243,360,1,Rural,Y,7926.0,8.97790377375038,5.493061443340548,32.617283950617285,Medium Risk,60,Y,29.16,0.0,29.16
Male,Yes,0,Graduate,No,20833,6667.0,480,360,1,Urban,Y,27500.0,10.221941283654663,6.173786103901937,57.291666666666664,Medium Risk,70,Y,57.599999999999994,0.0,57.599999999999994
Male,Yes,0,Graduate,Yes,2479,3013.0,188,360,1,Urban,Y,5492.0,8.61104776688786,5.236441962829949,29.21276595744681,High Risk,70,Y,22.56,94.0,-71.44
Female,No,1,Graduate,No,13262,0.0,40,360,1,Urban,Y,13262.0,9.492658081928813,3.6888794541139363,331.55,Low Risk,90,Y,4.8,0.0,4.8
Male,No,0,Not Graduate,No,3598,1287.0,100,360,1,Rural,N,4885.0,8.493924564476883,4.605170185988092,48.85,Medium Risk,50,N,12.0,0.0,12.0
Male,Yes,1,Graduate,No,6065,2004.0,250,360,1,Semiurban,Y,8069.0,8.995784837848506,5.521460917862246,32.276,Medium Risk,60,Y,30.0,0.0,30.0
Male,Yes,2,Graduate,No,3283,2035.0,148,360,1,Urban,Y,5318.0,8.578852571802965,4.997212273764115,35.932432432432435,Medium Risk,70,Y,17.759999999999998,0.0,17.759999999999998
Male,Yes,0,Graduate,No,2130,6666.0,70,180,1,Semiurban,N,8796.0,9.082052351674651,4.248495242049359,125.65714285714286,Low Risk,80,Y,8.4,0.0,8.4
Male,No,0,Graduate,No,5815,3666.0,311,360,1,Rural,N,9481.0,9.15704507491796,5.739792912179234,30.485530546623796,Medium Risk,60,Y,37.32,0.0,37.32
Male,Yes,3,Graduate,No,3466,3428.0,150,360,1,Rural,Y,6894.0,8.83840674707681,5.0106352940962555,45.96,Medium Risk,60,Y,18.0,0.0,18.0
Female,Yes,2,Graduate,No,2031,1632.0,113,480,1,Semiurban,Y,3663.0,8.206037762778815,4.727387818712341,32.415929203539825,Medium Risk,60,Y,13.559999999999999,0.0,13.559999999999999
Male,Yes,0,Not Graduate,No,3074,1800.0,123,360,0,Semiurban,N,4874.0,8.491670234185152,4.812184355372417,39.6260162601626,Medium Risk,0,N,14.76,0.0,14.76
Male,No,0,Graduate,No,4683,1915.0,185,360,1,Semiurban,N,6598.0,8.794521851788527,5.220355825078324,35.66486486486487,Medium Risk,60,Y,22.2,0.0,22.2
Female,No,0,Not Graduate,No,3400,0.0,95,360,1,Rural,N,3400.0,8.131530710604252,4.553876891600541,35.78947368421053,Medium Risk,50,N,11.4,0.0,11.4
Male,Yes,2,Not Graduate,No,2192,1742.0,45,360,1,Semiurban,Y,3934.0,8.277411998949004,3.8066624897703196,87.42222222222222,Low Risk,70,Y,5.3999999999999995,0.0,5.3999999999999995
Male,No,0,Graduate,No,2500,0.0,55,360,1,Semiurban,Y,2500.0,7.824046010856292,4.007333185232471,45.45454545454545,Medium Risk,60,Y,6.6,0.0,6.6
Male,Yes,3,Graduate,Yes,5677,1424.0,100,360,1,Rural,Y,7101.0,8.867990898182093,4.605170185988092,71.01,Low Risk,80,Y,12.0,0.0,12.0
Male,Yes,2,Graduate,Yes,7948,7166.0,480,360,1,Rural,Y,15114.0,9.623376745580666,6.173786103901937,31.4875,Medium Risk,60,Y,57.599999999999994,0.0,57.599999999999994
Male,No,0,Graduate,No,4680,2087.0,127,360,1,Semiurban,N,6767.0,8.819813136232225,4.844187086458591,53.28346456692913,Medium Risk,60,Y,15.24,0.0,15.24
Male,Yes,2,Graduate,Yes,17500,0.0,400,360,1,Rural,Y,17500.0,9.769956159911606,5.991464547107982,43.75,Medium Risk,60,Y,48.0,0.0,48.0
Male,Yes,0,Graduate,No,3775,0.0,110,360,1,Semiurban,Y,3775.0,8.236155661683124,4.700480365792417,34.31818181818182,Medium Risk,60,Y,13.2,0.0,13.2
Male,Yes,1,Not Graduate,No,5285,1430.0,161,360,0,Semiurban,Y,6715.0,8.812099108957337,5.081404364984463,41.70807453416149,Medium Risk,0,N,19.32,0.0,19.32
Male,No,1,Not Graduate,No,2679,1302.0,94,360,1,Semiurban,Y,3981.0,8.289288323000317,4.543294782270004,42.351063829787236,Medium Risk,50,N,11.28,0.0,11.28
Male,No,0,Not Graduate,No,6783,0.0,130,360,1,Semiurban,Y,6783.0,8.82217476094608,4.867534450455582,52.176923076923075,Medium Risk,50,N,15.6,0.0,15.6
Male,Yes,0,Graduate,No,1025,5500.0,216,360,1,Rural,Y,6525.0,8.783396232190894,5.375278407684165,30.208333333333332,Medium Risk,60,Y,25.919999999999998,0.0,25.919999999999998
Male,Yes,3,Graduate,No,4281,0.0,100,360,1,Urban,Y,4281.0,8.361941906144946,4.605170185988092,42.81,Medium Risk,70,Y,12.0,0.0,12.0
Male,No,2,Graduate,No,3588,0.0,110,360,0,Rural,N,3588.0,8.185350223178686,4.700480365792417,32.61818181818182,Medium Risk,10,N,13.2,0.0,13.2
Male,No,1,Graduate,No,11250,0.0,196,360,1,Semiurban,N,11250.0,9.328123407632566,5.278114659230517,57.39795918367347,Medium Risk,60,Y,23.52,0.0,23.52
Female,No,0,Not Graduate,Yes,18165,0.0,125,360,1,Urban,Y,18165.0,9.807251944655302,4.8283137373023015,145.32,Low Risk,80,Y,15.0,0.0,15.0
Male,No,0,Not Graduate,Yes,2550,2042.0,126,360,1,Rural,Y,4592.0,8.432070937999402,4.836281906951478,36.44444444444444,Medium Risk,50,N,15.12,0.0,15.12
Male,Yes,0,Graduate,No,6133,3906.0,324,360,1,Urban,Y,10039.0,9.214232786691527,5.780743515792329,30.984567901234566,Medium Risk,70,Y,38.879999999999995,0.0,38.879999999999995
Male,No,2,Graduate,No,3617,0.0,107,360,1,Semiurban,Y,3617.0,8.193400231952097,4.672828834461906,33.80373831775701,Medium Risk,60,Y,12.84,0.0,12.84
Male,Yes,0,Not Graduate,No,2917,536.0,66,360,1,Rural,N,3453.0,8.146998697389993,4.189654742026425,52.31818181818182,Medium Risk,50,N,7.92,0.0,7.92
Male,Yes,3,Graduate,No,6417,0.0,157,180,1,Rural,Y,6417.0,8.766705997750515,5.056245805348308,40.87261146496815,Medium Risk,60,Y,18.84,0.0,18.84
Female,Yes,1,Graduate,No,4608,2845.0,140,180,1,Semiurban,Y,7453.0,8.916371914881694,4.941642422609304,53.23571428571429,Medium Risk,60,Y,16.8,0.0,16.8
Female,No,0,Graduate,No,2138,0.0,99,360,0,Semiurban,N,2138.0,7.6676260915849905,4.59511985013459,21.595959595959595,High Risk,10,N,11.879999999999999,49.5,-37.620000000000005
Female,No,1,Graduate,Yes,3652,0.0,95,360,1,Semiurban,Y,3652.0,8.20303024171486,4.553876891600541,38.44210526315789,Medium Risk,60,Y,11.4,0.0,11.4
Male,Yes,1,Not Graduate,No,2239,2524.0,128,360,1,Urban,Y,4763.0,8.46863300080086,4.852030263919617,37.2109375,Medium Risk,60,Y,15.36,0.0,15.36
Female,Yes,0,Not Graduate,No,3017,663.0,102,360,1,Semiurban,Y,3680.0,8.210668031162976,4.624972813284271,36.07843137254902,Medium Risk,50,N,12.24,0.0,12.24
Male,Yes,0,Graduate,No,2768,1950.0,155,360,1,Rural,Y,4718.0,8.45914025996762,5.043425116919247,30.438709677419354,Medium Risk,60,Y,18.599999999999998,0.0,18.599999999999998
Male,No,0,Not Graduate,No,3358,0.0,80,36,1,Semiurban,N,3358.0,8.119100837637486,4.382026634673881,41.975,Medium Risk,50,N,9.6,0.0,9.6
Male,No,0,Graduate,No,2526,1783.0,145,360,1,Rural,Y,4309.0,8.368461137615839,4.976733742420574,29.717241379310344,High Risk,60,Y,17.4,72.5,-55.1
Female,No,0,Graduate,No,5000,0.0,103,360,0,Semiurban,N,5000.0,8.517193191416238,4.634728988229636,48.54368932038835,Medium Risk,10,N,12.36,0.0,12.36
Male,Yes,0,Graduate,No,2785,2016.0,110,360,1,Rural,Y,4801.0,8.476579508530941,4.700480365792417,43.64545454545455,Medium Risk,60,Y,13.2,0.0,13.2
Male,Yes,2,Graduate,Yes,6633,0.0,127,360,0,Rural,N,6633.0,8.799812469525556,4.844187086458591,52.22834645669291,Medium Risk,10,N,15.24,0.0,15.24
Male,Yes,1,Not Graduate,No,2492,2375.0,127,360,1,Rural,Y,4867.0,8.490233009833455,4.844187086458591,38.32283464566929,Medium Risk,50,N,15.24,0.0,15.24
Male,Yes,1,Graduate,No,3333,3250.0,158,360,1,Urban,Y,6583.0,8.792245847467877,5.062595033026967,41.664556962025316,Medium Risk,70,Y,18.96,0.0,18.96
Male,Yes,0,Not Graduate,No,2454,2333.0,181,360,0,Urban,N,4787.0,8.473659189392508,5.198497031265826,26.447513812154696,High Risk,10,N,21.72,90.5,-68.78
Male,Yes,0,Graduate,No,3593,4266.0,132,180,0,Rural,N,7859.0,8.969414650866176,4.882801922586371,59.53787878787879,Medium Risk,10,N,15.84,0.0,15.84
Male,Yes,1,Graduate,No,5468,1032.0,26,360,1,Semiurban,Y,6500.0,8.779557455883728,3.258096538021482,250.0,Low Risk,80,Y,3.12,0.0,3.12
Female,No,0,Graduate,No,2667,1625.0,84,360,1,Urban,Y,4292.0,8.36450810375059,4.430816798843313,51.095238095238095,Medium Risk,70,Y,10.08,0.0,10.08
Male,Yes,3,Graduate,Yes,10139,0.0,260,360,1,Semiurban,Y,10139.0,9.22414465295258,5.560681631015528,38.996153846153845,Medium Risk,60,Y,31.2,0.0,31.2
Male,Yes,0,Graduate,No,3887,2669.0,162,360,1,Semiurban,Y,6556.0,8.78813593986372,5.087596335232384,40.46913580246913,Medium Risk,60,Y,19.439999999999998,0.0,19.439999999999998
Female,Yes,0,Graduate,No,4180,2306.0,182,360,1,Semiurban,Y,6486.0,8.777401286867264,5.204006687076795,35.637362637362635,Medium Risk,60,Y,21.84,0.0,21.84
Male,Yes,2,Not Graduate,No,3675,242.0,108,360,1,Semiurban,Y,3917.0,8.27308133366583,4.68213122712422,36.26851851851852,Medium Risk,50,N,12.959999999999999,0.0,12.959999999999999
Female,Yes,1,Graduate,Yes,19484,0.0,600,360,1,Semiurban,Y,19484.0,9.877348894926433,6.396929655216146,32.473333333333336,Medium Risk,60,Y,72.0,0.0,72.0
Male,Yes,0,Graduate,No,5923,2054.0,211,360,1,Rural,Y,7977.0,8.984317679911129,5.351858133476067,37.80568720379147,Medium Risk,60,Y,25.32,0.0,25.32
Male,No,0,Not Graduate,Yes,5800,0.0,132,360,1,Semiurban,Y,5800.0,8.66561319653451,4.882801922586371,43.93939393939394,Medium Risk,50,N,15.84,0.0,15.84
Male,Yes,2,Graduate,No,8799,0.0,258,360,0,Urban,N,8799.0,9.08239335764556,5.552959584921617,34.104651162790695,Medium Risk,20,N,30.959999999999997,0.0,30.959999999999997
Male,Yes,0,Not Graduate,No,4467,0.0,120,360,1,Rural,Y,4467.0,8.404472321352118,4.787491742782046,37.225,Medium Risk,50,N,14.399999999999999,0.0,14.399999999999999
Male,No,0,Graduate,No,3333,0.0,70,360,1,Urban,Y,3333.0,8.11162807830774,4.248495242049359,47.614285714285714,Medium Risk,70,Y,8.4,0.0,8.4
Male,Yes,3,Graduate,No,3400,2500.0,123,360,0,Rural,N,5900.0,8.68270762989381,4.812184355372417,47.96747967479675,Medium Risk,10,N,14.76,0.0,14.76
Female,No,0,Graduate,No,2378,0.0,9,360,1,Urban,N,2378.0,7.774015077250727,2.1972245773362196,264.22222222222223,Low Risk,90,Y,1.08,0.0,1.08
Male,Yes,0,Graduate,No,3166,2064.0,104,360,0,Urban,N,5230.0,8.56216655705897,4.6443908991413725,50.28846153846154,Medium Risk,20,N,12.48,0.0,12.48
Male,Yes,1,Graduate,No,3417,1750.0,186,360,1,Urban,Y,5167.0,8.550047528287184,5.225746673713202,27.77956989247312,High Risk,70,Y,22.32,93.0,-70.68
Male,Yes,0,Graduate,No,5116,1451.0,165,360,0,Urban,N,6567.0,8.789812386190972,5.10594547390058,39.8,Medium Risk,20,N,19.8,0.0,19.8
Male,Yes,2,Graduate,No,16666,0.0,275,360,1,Urban,Y,16666.0,9.721125994942152,5.616771097666572,60.60363636363636,Low Risk,90,Y,33.0,0.0,33.0
Male,Yes,2,Not Graduate,No,6125,1625.0,187,480,1,Semiurban,N,7750.0,8.955448122347393,5.231108616854587,41.44385026737968,Medium Risk,50,N,22.439999999999998,0.0,22.439999999999998
Male,Yes,3,Graduate,No,6406,0.0,150,360,1,Semiurban,N,6406.0,8.764990330169104,5.0106352940962555,42.70666666666666,Medium Risk,60,Y,18.0,0.0,18.0
Male,Yes,2,Graduate,No,3159,461.0,108,84,1,Urban,Y,3620.0,8.194229304819817,4.68213122712422,33.51851851851852,Medium Risk,70,Y,12.959999999999999,0.0,12.959999999999999
Male,No,0,Graduate,No,3229,2739.0,110,360,1,Urban,Y,5968.0,8.694167141883597,4.700480365792417,54.25454545454546,Medium Risk,70,Y,13.2,0.0,13.2
Male,Yes,1,Graduate,No,1782,2232.0,107,360,1,Rural,Y,4014.0,8.297543529356284,4.672828834461906,37.51401869158879,Medium Risk,60,Y,12.84,0.0,12.84
Male,No,0,Graduate,Yes,3182,2917.0,161,360,1,Urban,Y,6099.0,8.715880102296456,5.081404364984463,37.88198757763975,Medium Risk,70,Y,19.32,0.0,19.32
Male,Yes,2,Graduate,No,6540,0.0,205,360,1,Semiurban,Y,6540.0,8.785692444451245,5.3230099791384085,31.902439024390244,Medium Risk,60,Y,24.599999999999998,0.0,24.599999999999998
Male,No,0,Graduate,No,1836,33837.0,90,360,1,Urban,N,35673.0,10.482149379105689,4.499809670330265,396.3666666666667,Low Risk,90,Y,10.799999999999999,0.0,10.799999999999999
Female,Yes,0,Graduate,No,3166,0.0,36,360,1,Semiurban,Y,3166.0,8.060224240440958,3.58351893845611,87.94444444444444,Low Risk,80,Y,4.32,0.0,4.32
Male,Yes,1,Graduate,No,1880,0.0,61,360,1,Rural,N,1880.0,7.539027055823995,4.110873864173311,30.81967213114754,Medium Risk,60,Y,7.319999999999999,0.0,7.319999999999999
Male,Yes,1,Graduate,No,2787,1917.0,146,360,0,Rural,N,4704.0,8.456168489578463,4.983606621708336,32.21917808219178,Medium Risk,10,N,17.52,0.0,17.52
Male,Yes,1,Graduate,No,4283,3000.0,172,84,1,Rural,N,7283.0,8.893298144217916,5.147494476813453,42.343023255813954,Medium Risk,60,Y,20.64,0.0,20.64
Male,Yes,0,Graduate,No,2297,1522.0,104,360,1,Urban,Y,3819.0,8.247743887225516,4.6443908991413725,36.72115384615385,Medium Risk,70,Y,12.48,0.0,12.48
Female,No,0,Not Graduate,No,2165,0.0,70,360,1,Semiurban,Y,2165.0,7.68017564043659,4.248495242049359,30.928571428571427,Medium Risk,50,N,8.4,0.0,8.4
Male,Yes,2,Graduate,Yes,2726,0.0,106,360,0,Semiurban,N,2726.0,7.9105906122564775,4.663439094112067,25.71698113207547,High Risk,10,N,12.719999999999999,53.0,-40.28
Male,Yes,0,Graduate,No,3000,3416.0,56,180,1,Semiurban,Y,6416.0,8.766550149546351,4.02535169073515,114.57142857142857,Low Risk,80,Y,6.72,0.0,6.72
Male,Yes,2,Graduate,Yes,6000,0.0,205,240,1,Semiurban,N,6000.0,8.699514748210191,5.3230099791384085,29.26829268292683,High Risk,60,Y,24.599999999999998,102.5,-77.9
Male,Yes,0,Graduate,No,3859,3300.0,142,180,1,Rural,Y,7159.0,8.876125585396185,4.955827057601261,50.41549295774648,Medium Risk,60,Y,17.04,0.0,17.04
Male,Yes,0,Graduate,Yes,16120,0.0,260,360,1,Urban,Y,16120.0,9.68781601606062,5.560681631015528,62.0,Low Risk,90,Y,31.2,0.0,31.2
Male,No,0,Not Graduate,No,3833,0.0,110,360,1,Rural,Y,3833.0,8.251403065380556,4.700480365792417,34.845454545454544,Medium Risk,50,N,13.2,0.0,13.2
Male,Yes,2,Not Graduate,Yes,6383,1000.0,187,360,1,Rural,N,7383.0,8.906935339059165,5.231108616854587,39.481283422459896,Medium Risk,50,N,22.439999999999998,0.0,22.439999999999998
Male,No,0,Graduate,No,2987,0.0,88,360,0,Semiurban,N,2987.0,8.00202481821611,4.477336814478207,33.94318181818182,Medium Risk,10,N,10.559999999999999,0.0,10.559999999999999
Male,Yes,0,Graduate,Yes,9963,0.0,180,360,1,Rural,Y,9963.0,9.206633510044856,5.19295685089021,55.35,Medium Risk,60,Y,21.599999999999998,0.0,21.599999999999998
Male,Yes,2,Graduate,No,5780,0.0,192,360,1,Urban,Y,5780.0,8.662158961666423,5.2574953720277815,30.104166666666668,Medium Risk,70,Y,23.04,0.0,23.04
Female,No,3,Graduate,Yes,416,41667.0,350,180,1,Urban,N,42083.0,10.647399137646048,5.857933154483459,120.23714285714286,Low Risk,90,Y,42.0,0.0,42.0
Male,Yes,0,Not Graduate,Yes,2894,2792.0,155,360,1,Rural,Y,5686.0,8.645762292210945,5.043425116919247,36.68387096774194,Medium Risk,50,N,18.599999999999998,0.0,18.599999999999998
Male,Yes,3,Graduate,No,5703,0.0,128,360,1,Urban,Y,5703.0,8.648747631156539,4.852030263919617,44.5546875,Medium Risk,70,Y,15.36,0.0,15.36
Male,No,0,Graduate,No,3676,4301.0,172,360,1,Rural,Y,7977.0,8.984317679911129,5.147494476813453,46.377906976744185,Medium Risk,60,Y,20.64,0.0,20.64
Female,Yes,1,Graduate,No,12000,0.0,496,360,1,Semiurban,Y,12000.0,9.392661928770137,6.206575926724928,24.193548387096776,High Risk,60,Y,59.519999999999996,248.0,-188.48000000000002
Male,Yes,0,Not Graduate,No,2400,3800.0,127,180,1,Urban,N,6200.0,8.732304571033183,4.844187086458591,48.818897637795274,Medium Risk,60,Y,15.24,0.0,15.24
Male,Yes,1,Graduate,No,3400,2500.0,173,360,1,Semiurban,Y,5900.0,8.68270762989381,5.153291594497779,34.104046242774565,Medium Risk,60,Y,20.759999999999998,0.0,20.759999999999998
Male,Yes,2,Not Graduate,No,3987,1411.0,157,360,1,Rural,Y,5398.0,8.59378379357795,5.056245805348308,34.382165605095544,Medium Risk,50,N,18.84,0.0,18.84
Male,Yes,0,Graduate,No,3232,1950.0,108,360,1,Rural,Y,5182.0,8.552946361122055,4.68213122712422,47.98148148148148,Medium Risk,60,Y,12.959999999999999,0.0,12.959999999999999
Female,No,0,Graduate,No,2900,0.0,71,360,1,Rural,Y,2900.0,7.9724660159745655,4.2626798770413155,40.84507042253521,Medium Risk,60,Y,8.52,0.0,8.52
Male,Yes,3,Graduate,No,4106,0.0,40,180,1,Rural,Y,4106.0,8.32020459757888,3.6888794541139363,102.65,Low Risk,80,Y,4.8,0.0,4.8
Male,Yes,1,Graduate,No,8072,240.0,253,360,1,Urban,Y,8312.0,9.025455532779063,5.53338948872752,32.85375494071146,Medium Risk,70,Y,30.36,0.0,30.36
Male,Yes,2,Graduate,No,7583,0.0,187,360,1,Urban,Y,7583.0,8.933664178700935,5.231108616854587,40.55080213903744,Medium Risk,70,Y,22.439999999999998,0.0,22.439999999999998
Female,No,0,Graduate,Yes,4583,0.0,133,360,0,Semiurban,N,4583.0,8.430109084509125,4.890349128221754,34.45864661654135,Medium Risk,10,N,15.959999999999999,0.0,15.959999999999999
